Time,Symbol,Price,Quantity,Type,Status,Value,Tag
2003-02-03T15:00:00Z,AAON,16.18,20,Market On Close,Filled,323.6,"buy" 
2003-02-03T15:00:00Z,AVD,21.3,15,Market On Close,Filled,319.5,"buy" 
2003-02-03T15:00:00Z,BIO,35.48,9,Market On Close,Filled,319.32,"buy" 
2003-02-03T15:00:00Z,BMI,31.63,10,Market On Close,Filled,316.3,"buy" 
2003-02-03T15:00:00Z,CAI,36.89,8,Market On Close,Filled,295.12,"buy" 
2003-02-03T15:00:00Z,CNXS,6.57,49,Market On Close,Filled,321.93,"buy" 
2003-02-03T15:00:00Z,COLM,35.05,9,Market On Close,Filled,315.45,"buy" 
2003-02-03T15:00:00Z,CW,54.06,6,Market On Close,Filled,324.36,"buy" 
2003-02-03T15:00:00Z,DCO,13.06,24,Market On Close,Filled,313.44,"buy" 
2003-02-03T15:00:00Z,EASI,36.44,8,Market On Close,Filled,291.52,"buy" 
2003-02-03T15:00:00Z,EBF,11.31,29,Market On Close,Filled,327.99,"buy" 
2003-02-03T15:00:00Z,EDUC,9.2,36,Market On Close,Filled,331.2,"buy" 
2003-02-03T15:00:00Z,EGN,29.99,10,Market On Close,Filled,299.9,"buy" 
2003-02-03T15:00:00Z,ESE,34.5,9,Market On Close,Filled,310.5,"buy" 
2003-02-03T15:00:00Z,FAF,22.76,14,Market On Close,Filled,318.64,"buy" 
2003-02-03T15:00:00Z,EXPO,14.54,22,Market On Close,Filled,319.88,"buy" 
2003-02-03T15:00:00Z,FIZ,15.27,21,Market On Close,Filled,320.67,"buy" 
2003-02-03T15:00:00Z,FLXS,15.4,21,Market On Close,Filled,323.4,"buy" 
2003-02-03T15:00:00Z,FRGO,8.5,40,Market On Close,Filled,340,"buy" 
2003-02-03T15:00:00Z,GCI,72.01,4,Market On Close,Filled,288.04,"buy" 
2003-02-03T15:00:00Z,HCSG,12.73,25,Market On Close,Filled,318.25,"buy" 
2003-02-03T15:00:00Z,HOV,29.61,11,Market On Close,Filled,325.71,"buy" 
2003-02-03T15:00:00Z,IDXX,34.84,9,Market On Close,Filled,313.56,"buy" 
2003-02-03T15:00:00Z,INTL,22.12,15,Market On Close,Filled,331.8,"buy" 
2003-02-03T15:00:00Z,JCOM,21.23,17,Market On Close,Filled,360.91,"buy" 
2003-02-03T15:00:00Z,JJSF,27.53,12,Market On Close,Filled,330.36,"buy" 
2003-02-03T15:00:00Z,JOUT,11.97,27,Market On Close,Filled,323.19,"buy" 
2003-02-03T15:00:00Z,LEIX,6.04,52,Market On Close,Filled,314.08,"buy" 
2003-02-03T15:00:00Z,METHA,8.91,36,Market On Close,Filled,320.76,"buy" 
2003-02-03T15:00:00Z,MIDD,11.3,30,Market On Close,Filled,339,"buy" 
2003-02-03T15:00:00Z,MMSI,17.65,18,Market On Close,Filled,317.7,"buy" 
2003-02-03T15:00:00Z,MSN,7.44,47,Market On Close,Filled,349.68,"buy" 
2003-02-03T15:00:00Z,MTRX,8,40,Market On Close,Filled,320,"buy" 
2003-02-03T15:00:00Z,MTSC,10.81,30,Market On Close,Filled,324.3,"buy" 
2003-02-03T15:00:00Z,NEB,21.96,14,Market On Close,Filled,307.44,"buy" 
2003-02-03T15:00:00Z,NEOG,15.03,21,Market On Close,Filled,315.63,"buy" 
2003-02-03T15:00:00Z,NHC,17.4,18,Market On Close,Filled,313.2,"buy" 
2003-02-03T15:00:00Z,NSSC,9.68,33,Market On Close,Filled,319.44,"buy" 
2003-02-03T15:00:00Z,NUS,12.14,26,Market On Close,Filled,315.64,"buy" 
2003-02-03T15:00:00Z,OXM,24.02,13,Market On Close,Filled,312.26,"buy" 
2003-02-03T15:00:00Z,PDX,36.24,8,Market On Close,Filled,289.92,"buy" 
2003-02-03T15:00:00Z,PEGA,5.5,61,Market On Close,Filled,335.5,"buy" 
2003-02-03T15:00:00Z,POG,31.79,10,Market On Close,Filled,317.9,"buy" 
2003-02-03T15:00:00Z,QSII,25.3,13,Market On Close,Filled,328.9,"buy" 
2003-02-03T15:00:00Z,RAVN,15.68,20,Market On Close,Filled,313.6,"buy" 
2003-02-03T15:00:00Z,RBIN,9.31,35,Market On Close,Filled,325.85,"buy" 
2003-02-03T15:00:00Z,RCII,52.36,6,Market On Close,Filled,314.16,"buy" 
2003-02-03T15:00:00Z,RIMG,8.32,40,Market On Close,Filled,332.8,"buy" 
2003-02-03T15:00:00Z,RVFD,24.95,12,Market On Close,Filled,299.4,"buy" 
2003-02-03T15:00:00Z,SCHN,21.52,15,Market On Close,Filled,322.8,"buy" 
2003-02-03T15:00:00Z,SGC,12.1,27,Market On Close,Filled,326.7,"buy" 
2003-02-03T15:00:00Z,SHOO,16.99,19,Market On Close,Filled,322.81,"buy" 
2003-02-03T15:00:00Z,SRT,27.11,12,Market On Close,Filled,325.32,"buy" 
2003-02-03T15:00:00Z,TDY,13.21,26,Market On Close,Filled,343.46,"buy" 
2003-02-03T15:00:00Z,TENT,8.14,41,Market On Close,Filled,333.74,"buy" 
2003-02-03T15:00:00Z,THO,27.44,12,Market On Close,Filled,329.28,"buy" 
2003-02-03T15:00:00Z,TTWO,20.82,15,Market On Close,Filled,312.3,"buy" 
2003-02-03T15:00:00Z,UTMD,17.66,18,Market On Close,Filled,317.88,"buy" 
2003-02-03T15:00:00Z,WMK,31.15,10,Market On Close,Filled,311.5,"buy" 
2003-02-03T15:00:00Z,WSO,15.9,21,Market On Close,Filled,333.9,"buy" 
2003-03-03T15:00:00Z,PEGA,4.1,-61,Market On Close,Filled,-250.1,"universe" 
2003-03-03T15:00:00Z,TSRI,5.17,62,Market On Close,Filled,320.54,"buy" 
2003-04-01T15:00:00Z,DCO,10.19,-24,Market On Close,Filled,-244.56,"band" 
2003-04-01T15:00:00Z,RBIN,9.7,-35,Market On Close,Filled,-339.5,"universe" 
2003-04-01T15:00:00Z,TSRI,4.72,-62,Market On Close,Filled,-292.64,"universe" 
2003-04-01T15:00:00Z,CUO,26.45,12,Market On Close,Filled,317.4,"buy" 
2003-04-01T15:00:00Z,GDT,36.83,8,Market On Close,Filled,294.64,"buy" 
2003-04-01T15:00:00Z,TALK,7.2,44,Market On Close,Filled,316.8,"buy" 
2003-05-01T14:00:00Z,AAON,13.73,-20,Market On Close,Filled,-274.6,"band" 
2003-05-01T14:00:00Z,BMI,28.5,-10,Market On Close,Filled,-285,"expired" 
2003-05-01T14:00:00Z,CUO,25.85,-12,Market On Close,Filled,-310.2,"universe" 
2003-05-01T14:00:00Z,NEOG,16.77,-21,Market On Close,Filled,-352.17,"expired" 
2003-05-01T14:00:00Z,TENT,7.49,-41,Market On Close,Filled,-307.09,"expired" 
2003-05-01T14:00:00Z,ANK,17.88,20,Market On Close,Filled,357.6,"buy" 
2003-05-01T14:00:00Z,BWS,29.65,12,Market On Close,Filled,355.8,"buy" 
2003-05-01T14:00:00Z,RGCO,19.68,18,Market On Close,Filled,354.24,"buy" 
2003-05-01T14:00:00Z,SGMA,5.71,61,Market On Close,Filled,348.31,"buy" 
2003-05-01T14:00:00Z,TTC,37.06,9,Market On Close,Filled,333.54,"buy" 
2003-06-02T14:00:00Z,HOV,57.81,-5,Market On Close,Filled,-289.05,"adjust" 
2003-06-02T14:00:00Z,JCOM,35.4,-7,Market On Close,Filled,-247.8,"adjust" 
2003-06-02T14:00:00Z,JOUT,11.99,-27,Market On Close,Filled,-323.73,"band" 
2003-06-02T14:00:00Z,MTRX,15.55,-15,Market On Close,Filled,-233.25,"adjust" 
2003-06-02T14:00:00Z,UGI,34.13,11,Market On Close,Filled,375.43,"buy" 
2003-07-01T14:00:00Z,BWS,29.65,-12,Market On Close,Filled,-355.8,"expired" 
2003-07-01T14:00:00Z,CW,63.5,-6,Market On Close,Filled,-381,"band" 
2003-07-01T14:00:00Z,JJSF,31.37,-12,Market On Close,Filled,-376.44,"band" 
2003-07-01T14:00:00Z,NUS,10.26,-26,Market On Close,Filled,-266.76,"band" 
2003-07-01T14:00:00Z,SCHN,43.16,-6,Market On Close,Filled,-258.96,"adjust" 
2003-07-01T14:00:00Z,TALK,10.46,-44,Market On Close,Filled,-460.24,"band" 
2003-07-01T14:00:00Z,TDY,13.42,-26,Market On Close,Filled,-348.92,"band" 
2003-07-01T14:00:00Z,AXE,21.96,17,Market On Close,Filled,373.32,"buy" 
2003-07-01T14:00:00Z,HOC,27.75,14,Market On Close,Filled,388.5,"buy" 
2003-07-01T14:00:00Z,HWKN,10.4,39,Market On Close,Filled,405.6,"buy" 
2003-07-01T14:00:00Z,MAIR,5.92,65,Market On Close,Filled,384.8,"buy" 
2003-07-01T14:00:00Z,PETD,9.16,43,Market On Close,Filled,393.88,"buy" 
2003-07-01T14:00:00Z,WDC,11.85,38,Market On Close,Filled,450.3,"buy" 
2003-08-01T14:00:00Z,SGMA,13.39,-28,Market On Close,Filled,-374.92,"adjust" 
2003-09-02T14:00:00Z,CAI,45.5,-8,Market On Close,Filled,-364,"band" 
2003-09-02T14:00:00Z,MSN,3.8,-47,Market On Close,Filled,-178.6,"universe" 
2003-09-02T14:00:00Z,OXM,58.91,-6,Market On Close,Filled,-353.46,"adjust" 
2003-09-02T14:00:00Z,SGMA,20.66,-11,Market On Close,Filled,-227.26,"adjust" 
2003-09-02T14:00:00Z,THO,56.7,-4,Market On Close,Filled,-226.8,"adjust" 
2003-09-02T14:00:00Z,HUBG,10.79,43,Market On Close,Filled,463.97,"buy" 
2003-09-02T14:00:00Z,SAFM,30.25,15,Market On Close,Filled,453.75,"buy" 
2003-10-01T14:00:00Z,INTL,24.48,-15,Market On Close,Filled,-367.2,"band" 
2003-10-01T14:00:00Z,JCOM,38.47,-8,Market On Close,Filled,-307.76,"adjust" 
2003-10-01T14:00:00Z,NSSC,8.82,-33,Market On Close,Filled,-291.06,"band" 
2003-10-01T14:00:00Z,RGCO,22.93,-18,Market On Close,Filled,-412.74,"universe" 
2003-10-01T14:00:00Z,CMTL,24.07,19,Market On Close,Filled,457.33,"buy" 
2003-10-01T14:00:00Z,MDU,34.25,13,Market On Close,Filled,445.25,"buy" 
2003-10-01T14:00:00Z,ODP,14.6,32,Market On Close,Filled,467.2,"buy" 
2003-11-03T15:00:00Z,FLXS,19.5,-21,Market On Close,Filled,-409.5,"expired" 
2003-11-03T15:00:00Z,LEIX,19.97,-28,Market On Close,Filled,-559.16,"adjust" 
2003-11-03T15:00:00Z,MIDD,27.69,-11,Market On Close,Filled,-304.59,"adjust" 
2003-11-03T15:00:00Z,NHC,20.4,-18,Market On Close,Filled,-367.2,"band" 
2003-11-03T15:00:00Z,ATRI,42.4,11,Market On Close,Filled,466.4,"buy" 
2003-11-03T15:00:00Z,CRMT,30.24,16,Market On Close,Filled,483.84,"buy" 
2003-12-01T15:00:00Z,ANK,27,-20,Market On Close,Filled,-540,"universe" 
2003-12-01T15:00:00Z,HOC,27,-14,Market On Close,Filled,-378,"band" 
2003-12-01T15:00:00Z,HWKN,13.09,-39,Market On Close,Filled,-510.51,"universe" 
2003-12-01T15:00:00Z,MTRX,17.11,-16,Market On Close,Filled,-273.76,"adjust" 
2003-12-01T15:00:00Z,SCHN,50.23,-8,Market On Close,Filled,-401.84,"adjust" 
2003-12-01T15:00:00Z,UTMD,22.56,-18,Market On Close,Filled,-406.08,"universe" 
2003-12-01T15:00:00Z,FIZ,15.24,15,Market On Close,Filled,228.6,"adjust" 
2003-12-01T15:00:00Z,GFF,19.9,27,Market On Close,Filled,537.3,"buy" 
2003-12-01T15:00:00Z,PTMK,7.53,74,Market On Close,Filled,557.22,"buy" 
2003-12-01T15:00:00Z,TALK,10.9,48,Market On Close,Filled,523.2,"buy" 
2003-12-01T15:00:00Z,TSAI,20,27,Market On Close,Filled,540,"buy" 
2004-01-02T15:00:00Z,AVD,37.9,-7,Market On Close,Filled,-265.3,"adjust" 
2004-01-02T15:00:00Z,COLM,54.77,-9,Market On Close,Filled,-492.93,"band" 
2004-01-02T15:00:00Z,ESE,44,-9,Market On Close,Filled,-396,"band" 
2004-01-02T15:00:00Z,HUBG,21.42,-17,Market On Close,Filled,-364.14,"adjust" 
2004-01-02T15:00:00Z,METHA,12.76,-36,Market On Close,Filled,-459.36,"band" 
2004-01-02T15:00:00Z,MIDD,40.96,-6,Market On Close,Filled,-245.76,"adjust" 
2004-01-02T15:00:00Z,PETD,23.1,-20,Market On Close,Filled,-462,"adjust" 
2004-01-02T15:00:00Z,RVFD,27.7,-12,Market On Close,Filled,-332.4,"band" 
2004-01-02T15:00:00Z,BKH,29.87,18,Market On Close,Filled,537.66,"buy" 
2004-01-02T15:00:00Z,CLSR,33.72,16,Market On Close,Filled,539.52,"buy" 
2004-01-02T15:00:00Z,JCOM,24.86,10,Market On Close,Filled,248.6,"adjust" 
2004-01-02T15:00:00Z,NUS,17.2,32,Market On Close,Filled,550.4,"buy" 
2004-01-02T15:00:00Z,RSC,14.35,39,Market On Close,Filled,559.65,"buy" 
2004-02-02T15:00:00Z,MAIR,8.65,-65,Market On Close,Filled,-562.25,"universe" 
2004-02-02T15:00:00Z,QSII,52.81,-4,Market On Close,Filled,-211.24,"adjust" 
2004-02-02T15:00:00Z,CALM,37,16,Market On Close,Filled,592,"buy" 
2004-02-02T15:00:00Z,SHOO,18.67,11,Market On Close,Filled,205.37,"adjust" 
2004-02-02T15:00:00Z,WMK,33.6,6,Market On Close,Filled,201.6,"adjust" 
2004-03-01T15:00:00Z,EDUC,10.61,-36,Market On Close,Filled,-381.96,"band" 
2004-03-01T15:00:00Z,MTSC,27.76,-9,Market On Close,Filled,-249.84,"adjust" 
2004-03-01T15:00:00Z,NEB,32.04,-14,Market On Close,Filled,-448.56,"band" 
2004-03-01T15:00:00Z,SAFM,35.85,-6,Market On Close,Filled,-215.1,"adjust" 
2004-03-01T15:00:00Z,UGI,32.96,-11,Market On Close,Filled,-362.56,"band" 
2004-03-01T15:00:00Z,WDC,11.58,-38,Market On Close,Filled,-440.04,"band" 
2004-03-01T15:00:00Z,AHS,18.37,31,Market On Close,Filled,569.47,"buy" 
2004-03-01T15:00:00Z,ASGN,5.79,101,Market On Close,Filled,584.79,"buy" 
2004-03-01T15:00:00Z,DGII,11.84,49,Market On Close,Filled,580.16,"buy" 
2004-03-01T15:00:00Z,PEGA,9.25,65,Market On Close,Filled,601.25,"buy" 
2004-04-01T15:00:00Z,ASGN,5.5,-101,Market On Close,Filled,-555.5,"band" 
2004-04-01T15:00:00Z,ATRI,42.18,-11,Market On Close,Filled,-463.98,"universe" 
2004-04-01T15:00:00Z,BKH,32.08,-18,Market On Close,Filled,-577.44,"band" 
2004-04-01T15:00:00Z,HUBG,29.03,-7,Market On Close,Filled,-203.21,"adjust" 
2004-04-01T15:00:00Z,PTMK,8.39,-74,Market On Close,Filled,-620.86,"band" 
2004-04-01T15:00:00Z,SGC,16.39,-27,Market On Close,Filled,-442.53,"band" 
2004-04-01T15:00:00Z,SHOO,19.88,-30,Market On Close,Filled,-596.4,"band" 
2004-04-01T15:00:00Z,AMED,26.1,23,Market On Close,Filled,600.3,"buy" 
2004-04-01T15:00:00Z,FARO,23.12,25,Market On Close,Filled,578,"buy" 
2004-04-01T15:00:00Z,MTLM,37,15,Market On Close,Filled,555,"buy" 
2004-04-01T15:00:00Z,OTL,29.88,19,Market On Close,Filled,567.72,"buy" 
2004-04-01T15:00:00Z,QDEL,6.41,88,Market On Close,Filled,564.08,"buy" 
2004-04-01T15:00:00Z,SGMA,12.78,25,Market On Close,Filled,319.5,"adjust" 
2004-04-01T15:00:00Z,SHEN,22.56,25,Market On Close,Filled,564,"buy" 
2004-05-03T14:00:00Z,HCSG,15.99,-37,Market On Close,Filled,-591.63,"expired" 
2004-05-03T14:00:00Z,NUS,24.46,-9,Market On Close,Filled,-220.14,"adjust" 
2004-05-03T14:00:00Z,CMTL,16.64,15,Market On Close,Filled,249.6,"adjust" 
2004-05-03T14:00:00Z,MTRX,10.73,20,Market On Close,Filled,214.6,"adjust" 
2004-05-03T14:00:00Z,PNM,29.69,19,Market On Close,Filled,564.11,"buy" 
2004-06-01T14:00:00Z,AVD,38.78,-8,Market On Close,Filled,-310.24,"adjust" 
2004-06-01T14:00:00Z,BIO,56.71,-9,Market On Close,Filled,-510.39,"band" 
2004-06-01T14:00:00Z,HOV,35.17,-12,Market On Close,Filled,-422.04,"band" 
2004-06-01T14:00:00Z,LEIX,33.2,-8,Market On Close,Filled,-265.6,"adjust" 
2004-06-01T14:00:00Z,MIDD,63,-4,Market On Close,Filled,-252,"adjust" 
2004-06-01T14:00:00Z,LPX,23.52,24,Market On Close,Filled,564.48,"buy" 
2004-06-01T14:00:00Z,SPRT,9.7,58,Market On Close,Filled,562.6,"buy" 
2004-07-01T14:00:00Z,CMTL,21.45,-34,Market On Close,Filled,-729.3,"band" 
2004-07-01T14:00:00Z,SAFM,52.39,-5,Market On Close,Filled,-261.95,"adjust" 
2004-07-01T14:00:00Z,SHEN,26.3,-25,Market On Close,Filled,-657.5,"band" 
2004-07-01T14:00:00Z,CRUS,5.8,100,Market On Close,Filled,580,"buy" 
2004-07-01T14:00:00Z,FAF,25.47,9,Market On Close,Filled,229.23,"adjust" 
2004-07-01T14:00:00Z,GCI,83.76,3,Market On Close,Filled,251.28,"adjust" 
2004-07-01T14:00:00Z,TALK,7.7,30,Market On Close,Filled,231,"adjust" 
2004-07-01T14:00:00Z,TESS,17.25,34,Market On Close,Filled,586.5,"buy" 
2004-08-02T14:00:00Z,CLSR,18.23,-16,Market On Close,Filled,-291.68,"band" 
2004-08-02T14:00:00Z,MMSI,16.38,-30,Market On Close,Filled,-491.4,"band" 
2004-08-02T14:00:00Z,MTRX,7.63,-54,Market On Close,Filled,-412.02,"band" 
2004-08-02T14:00:00Z,QDEL,3.46,-88,Market On Close,Filled,-304.48,"universe" 
2004-08-02T14:00:00Z,RAVN,39.49,-6,Market On Close,Filled,-236.94,"adjust" 
2004-08-02T14:00:00Z,SGMA,9.01,-47,Market On Close,Filled,-423.47,"band" 
2004-08-02T14:00:00Z,ESCA,10.99,51,Market On Close,Filled,560.49,"buy" 
2004-08-02T14:00:00Z,LAWS,36.03,15,Market On Close,Filled,540.45,"buy" 
2004-08-02T14:00:00Z,PTC,9.38,58,Market On Close,Filled,544.04,"buy" 
2004-08-02T14:00:00Z,WIRE,18.5,31,Market On Close,Filled,573.5,"buy" 
2004-08-02T14:00:00Z,ZEUS,24.7,23,Market On Close,Filled,568.1,"buy" 
2004-09-01T14:00:00Z,AHS,11.54,-31,Market On Close,Filled,-357.74,"band" 
2004-09-01T14:00:00Z,JCOM,25.94,-22,Market On Close,Filled,-570.68,"band" 
2004-09-01T14:00:00Z,CYBE,16.74,31,Market On Close,Filled,518.94,"buy" 
2004-09-01T14:00:00Z,HOC,20.91,26,Market On Close,Filled,543.66,"buy" 
2004-10-01T14:00:00Z,CRMT,34,-16,Market On Close,Filled,-544,"band" 
2004-10-01T14:00:00Z,CRUS,5.42,-100,Market On Close,Filled,-542,"universe" 
2004-10-01T14:00:00Z,EASI,46.38,-12,Market On Close,Filled,-556.56,"band" 
2004-10-01T14:00:00Z,PETD,43.73,-10,Market On Close,Filled,-437.3,"adjust" 
2004-10-01T14:00:00Z,POG,30.14,-24,Market On Close,Filled,-723.36,"band" 
2004-10-01T14:00:00Z,THO,27.66,-16,Market On Close,Filled,-442.56,"band" 
2004-10-01T14:00:00Z,TTWO,34.81,-15,Market On Close,Filled,-522.15,"band" 
2004-10-01T14:00:00Z,CALM,11,19,Market On Close,Filled,209,"adjust" 
2004-10-01T14:00:00Z,ECOL,10.09,58,Market On Close,Filled,585.22,"buy" 
2004-10-01T14:00:00Z,HCSG,18.23,31,Market On Close,Filled,565.13,"buy" 
2004-10-01T14:00:00Z,MTEX,14.49,40,Market On Close,Filled,579.6,"buy" 
2004-10-01T14:00:00Z,NHC,29.6,20,Market On Close,Filled,592,"buy" 
2004-10-01T14:00:00Z,PCU,52.95,11,Market On Close,Filled,582.45,"buy" 
2004-10-01T14:00:00Z,SAFM,35.03,6,Market On Close,Filled,210.18,"adjust" 
2004-11-01T15:00:00Z,ESCA,14.02,-51,Market On Close,Filled,-715.02,"band" 
2004-11-01T15:00:00Z,HUBG,38.67,-5,Market On Close,Filled,-193.35,"adjust" 
2004-11-01T15:00:00Z,OXM,37.29,-14,Market On Close,Filled,-522.06,"band" 
2004-11-01T15:00:00Z,CNC,48.98,12,Market On Close,Filled,587.76,"buy" 
2004-11-01T15:00:00Z,CYBE,10.53,21,Market On Close,Filled,221.13,"adjust" 
2004-11-01T15:00:00Z,NATR,15.2,38,Market On Close,Filled,577.6,"buy" 
2004-11-01T15:00:00Z,SPRT,5.09,54,Market On Close,Filled,274.86,"adjust" 
2004-11-01T15:00:00Z,SRT,28.13,8,Market On Close,Filled,225.04,"adjust" 
2004-12-01T15:00:00Z,LEIX,31.72,-16,Market On Close,Filled,-507.52,"expired" 
2004-12-01T15:00:00Z,MTEX,21.99,-13,Market On Close,Filled,-285.87,"adjust" 
2004-12-01T15:00:00Z,SCHN,35.7,-14,Market On Close,Filled,-499.8,"band" 
2004-12-01T15:00:00Z,AIT,44.67,15,Market On Close,Filled,670.05,"buy" 
2004-12-01T15:00:00Z,NUE,52.27,12,Market On Close,Filled,627.24,"buy" 
2004-12-01T15:00:00Z,RCII,25.76,9,Market On Close,Filled,231.84,"adjust" 
