Entry Time,Symbols,Exit Time,Direction,Entry Price,Exit Price,Quantity,P&L,Fees,MAE,MFE,Drawdown,IsWin,Order Ids
2003-02-03T21:00:00Z,"PEGA",2003-03-03T21:00:00Z,Buy,5.5,4.1,61,-85.4,7.965191542695,-98.82,15.25,114.07,0,"	42,61" 
2003-02-03T21:00:00Z,"DCO",2003-04-01T21:00:00Z,Buy,13.06,10.19,24,-68.88,2.2373636123115,-78.24,1.92,80.16,0,"	10,63" 
2003-02-03T21:00:00Z,"RBIN",2003-04-01T21:00:00Z,Buy,9.31,9.7,35,13.65,3.8792337387218,-11.2,29.4,17.85,1,"	46,64" 
2003-02-03T21:00:00Z,"AAON",2003-05-01T20:00:00Z,Buy,16.18,13.73,20,-49,6.6578499413949,-74,7.4,81.4,0,"	1,67" 
2003-02-03T21:00:00Z,"BMI",2003-05-01T20:00:00Z,Buy,31.63,28.5,10,-31.3,4.5525778570809,-40.7,21.1,61.8,0,"	5,68" 
2003-02-03T21:00:00Z,"NEOG",2003-05-01T20:00:00Z,Buy,15.03,16.77,21,36.54,5.7437736650214,-65.1,36.54,73.92,1,"	36,69" 
2003-02-03T21:00:00Z,"TENT",2003-05-01T20:00:00Z,Buy,8.14,7.49,41,-26.65,5.2695548266436,-44.69,32.8,77.49,0,"	55,70" 
2003-02-03T21:00:00Z,"HOV",2003-06-02T20:00:00Z,Buy,29.61,57.81,5,141,3.6805101930713,-3.75,141,16.45,1,"	23,75" 
2003-02-03T21:00:00Z,"JCOM",2003-06-02T20:00:00Z,Buy,21.23,35.4,7,99.19,10.392157652185,-4.27,109.97,62.72,1,"	26,76" 
2003-02-03T21:00:00Z,"JOUT",2003-06-02T20:00:00Z,Buy,11.97,11.99,27,0.54,4.8054532609795,-82.89,11.07,82.89,1,"	28,77" 
2003-02-03T21:00:00Z,"MTRX",2003-06-02T20:00:00Z,Buy,8,15.55,15,113.25,7.8600589723403,0,113.25,13.95,1,"	33,79" 
2003-02-03T21:00:00Z,"CW",2003-07-01T20:00:00Z,Buy,54.06,63.5,6,56.64,5.1361560169094,-6.3,63.54,52.68,1,"	9,86" 
2003-02-03T21:00:00Z,"JJSF",2003-07-01T20:00:00Z,Buy,27.53,31.37,12,46.08,3.9203333794851,0,74.16,28.44,1,"	27,87" 
2003-02-03T21:00:00Z,"NUS",2003-07-01T20:00:00Z,Buy,12.14,10.26,26,-48.88,4.6273478647999,-84.24,7.28,91.52,0,"	39,88" 
2003-02-03T21:00:00Z,"SCHN",2003-07-01T20:00:00Z,Buy,21.52,43.16,6,129.84,3.7419462259573,-1.92,154.38,30.9,1,"	50,89" 
2003-02-03T21:00:00Z,"TDY",2003-07-01T20:00:00Z,Buy,13.21,13.42,26,5.46,4.987234667622,-58.24,47.06,83.2,1,"	54,91" 
2003-02-03T21:00:00Z,"OXM",2003-08-01T20:00:00Z,Buy,24.02,49.63,5,128.05,3.7168814584353,-9.45,128.05,18.55,1,"	40,99" 
2003-02-03T21:00:00Z,"CAI",2003-09-02T20:00:00Z,Buy,36.89,45.5,8,68.88,3.0197977843081,-55.12,68.88,61.6,1,"	6,100" 
2003-02-03T21:00:00Z,"MSN",2003-09-02T20:00:00Z,Buy,7.44,3.8,47,-171.08,4.1893677596405,-216.2,19.74,235.94,0,"	32,101" 
2003-02-03T21:00:00Z,"THO",2003-09-02T20:00:00Z,Buy,27.44,56.7,4,117.04,2.9094386822892,-22.16,117.04,23.6,1,"	56,102" 
2003-02-03T21:00:00Z,"INTL",2003-10-01T20:00:00Z,Buy,22.12,24.48,15,35.4,2.760835129826,-129.45,91.2,129.45,1,"	25,105" 
2003-02-03T21:00:00Z,"JCOM",2003-10-01T20:00:00Z,Buy,10.615,38.47,9,250.7,9.758216030327,-2.74,299.84,59.31,1,"	26,106" 
2003-02-03T21:00:00Z,"NSSC",2003-10-01T20:00:00Z,Buy,9.68,8.82,33,-28.38,5.8916327800176,-56.43,2.31,57.75,0,"	38,107" 
2003-02-03T21:00:00Z,"FLXS",2003-11-03T21:00:00Z,Buy,15.4,19.5,21,86.1,7.9364162385416,-48.3,103.74,61.32,1,"	19,112" 
2003-02-03T21:00:00Z,"MIDD",2003-11-03T21:00:00Z,Buy,11.3,27.69,12,196.68,8.9913670462505,-12.12,196.68,51.36,1,"	30,114" 
2003-02-03T21:00:00Z,"NHC",2003-11-03T21:00:00Z,Buy,17.4,20.4,18,54,4.2901815486832,-57.6,66.96,124.56,1,"	37,115" 
2003-02-03T21:00:00Z,"MMSI",2003-12-01T21:00:00Z,Buy,13.237911253225,30.5,7,120.83,5.1594030226333,-2.26,126.92,16.45,1,"	31,122" 
2003-02-03T21:00:00Z,"MTRX",2003-12-01T21:00:00Z,Buy,4,17.11,18,235.98,2.983935389898,0,235.98,38.7,1,"	33,123" 
2003-02-03T21:00:00Z,"SCHN",2003-12-01T21:00:00Z,Buy,10.759984828408,50.23,9,355.23,1.0416884913316,-1.44,391.14,55.62,1,"	50,124" 
2003-02-03T21:00:00Z,"UTMD",2003-12-01T21:00:00Z,Buy,17.66,22.56,18,88.2,5.5212688618918,-2.88,132.66,59.94,1,"	58,125" 
2003-02-03T21:00:00Z,"AVD",2004-01-02T21:00:00Z,Buy,14.199970464121,37.9,8,189.6,3.2729847878132,-3.73,195.92,28.48,1,"	2,130" 
2003-02-03T21:00:00Z,"COLM",2004-01-02T21:00:00Z,Buy,35.05,54.77,9,177.48,4.9755141521158,-20.25,218.07,69.57,1,"	8,131" 
2003-02-03T21:00:00Z,"ESE",2004-01-02T21:00:00Z,Buy,34.5,44,9,85.5,2.4769557480579,-32.58,129.87,80.46,1,"	15,132" 
2003-02-03T21:00:00Z,"MIDD",2004-01-02T21:00:00Z,Buy,11.3,40.96,5,148.3,1.0253026933531,-5.05,161.95,21.4,1,"	30,135" 
2003-02-03T21:00:00Z,"RVFD",2004-01-02T21:00:00Z,Buy,24.95,27.7,12,33,6.6165268468666,-33.72,62.64,51.24,1,"	49,137" 
2003-02-03T21:00:00Z,"QSII",2004-02-02T21:00:00Z,Buy,25.3,52.81,4,110.04,2.0844807406656,-14.6,138.8,40.12,1,"	44,144" 
2003-02-03T21:00:00Z,"EDUC",2004-03-01T21:00:00Z,Buy,9.2,10.61,36,50.76,8.6056463132734,-9,157.68,124.2,1,"	13,148" 
2003-02-03T21:00:00Z,"EGN",2004-03-01T21:00:00Z,Buy,29.99,41.99,10,120,3.5684681015395,-14.1,145.3,31.5,1,"	14,149" 
2003-02-03T21:00:00Z,"MTSC",2004-03-01T21:00:00Z,Buy,10.81,27.76,10,169.5,7.6158731062904,-4.7,169.5,19,1,"	34,150" 
2003-02-03T21:00:00Z,"NEB",2004-03-01T21:00:00Z,Buy,21.96,32.04,14,141.12,5.1415741296829,-13.16,141.12,74.2,1,"	35,151" 
2003-02-03T21:00:00Z,"SGC",2004-04-01T21:00:00Z,Buy,12.1,16.39,27,115.83,4.8745644453439,-51.3,129.6,67.5,1,"	51,165" 
2003-02-03T21:00:00Z,"SHOO",2004-04-01T21:00:00Z,Buy,16.99,19.88,19,54.91,4.324998078224,-37.24,113.62,92.53,1,"	52,166" 
2003-02-03T21:00:00Z,"HCSG",2004-05-03T20:00:00Z,Buy,8.4866809879295,15.99,37,277.62,2.3101654759526,-36.75,314.99,52.05,1,"	22,172" 
2003-02-03T21:00:00Z,"AVD",2004-06-01T20:00:00Z,Buy,9.4666603555724,38.78,6,175.88,1.030296875,-1.87,178.1,67.08,1,"	2,178" 
2003-02-03T21:00:00Z,"ANSS",2004-06-01T20:00:00Z,Buy,18.7,43.91,5,126.05,3.8077828984256,0,129,40.6,1,"	3,179" 
2003-02-03T21:00:00Z,"BIO",2004-06-01T20:00:00Z,Buy,35.48,56.71,9,191.07,2.6784453193094,-17.82,241.83,120.96,1,"	4,180" 
2003-02-03T21:00:00Z,"HOV",2004-06-01T20:00:00Z,Buy,14.805,35.17,12,244.38,1.0598129251701,-4.5,401.58,195.84,1,"	23,181" 
2003-02-03T21:00:00Z,"MIDD",2004-06-01T20:00:00Z,Buy,11.3,63,5,258.5,3.7399859161935,-5.05,258.5,42.15,1,"	30,182" 
2003-02-03T21:00:00Z,"METHA",2004-07-01T20:00:00Z,Buy,8.91,12.47,36,128.16,5.1142126011168,-30.96,179.64,114.12,1,"	29,186" 
2003-02-03T21:00:00Z,"MMSI",2004-08-02T20:00:00Z,Buy,9.92823487125,16.38,22.666125866852,146.24,1.1649644549763,-5.48,341.39,264.74,1,"	31,194" 
2003-02-03T21:00:00Z,"MTRX",2004-08-02T20:00:00Z,Buy,4,7.63,32,116.16,2.9268762959569,0,502.4,408,1,"	33,195" 
2003-02-03T21:00:00Z,"RAVN",2004-08-02T20:00:00Z,Buy,15.68,39.49,6,142.86,3.9037613031261,0,142.86,41.76,1,"	45,197" 
2003-02-03T21:00:00Z,"JCOM",2004-09-01T20:00:00Z,Buy,10.615,25.94,11,168.58,1.1076135914658,-3.36,396.94,303.93,1,"	26,204" 
2003-02-03T21:00:00Z,"EASI",2004-10-01T20:00:00Z,Buy,24.293297986551,46.38,12,265.04,5.6547221661861,-34.8,434.48,235.56,1,"	11,214" 
2003-02-03T21:00:00Z,"POG",2004-10-01T20:00:00Z,Buy,12.716,30.14,24,418.18,5.798564443422,0,442.66,145.92,1,"	43,216" 
2003-02-03T21:00:00Z,"THO",2004-10-01T20:00:00Z,Buy,13.72,27.66,16,223.04,1.0836281179138,-44.32,330.4,176.48,1,"	56,217" 
2003-02-03T21:00:00Z,"TTWO",2004-10-01T20:00:00Z,Buy,20.82,34.81,15,209.85,8.6779355413505,-30.45,304.05,199.35,1,"	57,218" 
2003-02-03T21:00:00Z,"OXM",2004-11-01T21:00:00Z,Buy,12.01,37.29,16,404.48,1.9764224797543,-15.12,557.44,180.32,1,"	40,231" 
2003-02-03T21:00:00Z,"SCHN",2004-12-01T21:00:00Z,Buy,7.1733268056,35.7,13,370.85,3.1525746422339,-1.39,454.39,249.3,1,"	50,240" 
2003-03-03T21:00:00Z,"OIS",2003-06-02T20:00:00Z,Buy,11.43,13.1,28,46.76,6.781704384431,-38.64,52.36,55.16,1,"	62,80" 
2003-04-01T21:00:00Z,"KOSS",2003-06-02T20:00:00Z,Buy,17.49,15.7,18,-32.22,7.4233163864465,-44.82,36.18,81,0,"	66,78" 
2003-05-01T20:00:00Z,"BWS",2003-07-01T20:00:00Z,Buy,29.65,29.65,12,0,2.1211277032195,-55.8,21.12,76.92,0,"	72,85" 
2003-05-01T20:00:00Z,"TALK",2003-07-01T20:00:00Z,Buy,8.81,10.46,40,66,2.3906368807529,-49.2,178,125.6,1,"	74,90" 
2003-05-01T20:00:00Z,"RGCO",2003-10-01T20:00:00Z,Buy,19.68,22.93,18,58.5,4.9186306615287,-3.24,97.92,46.26,1,"	73,108" 
2003-05-01T20:00:00Z,"ANK",2003-12-01T21:00:00Z,Buy,17.88,27,20,182.4,2.2062428982903,0,182.4,69,1,"	71,119" 
2003-06-02T20:00:00Z,"AMSWA",2003-07-01T20:00:00Z,Buy,4.75,4.35,76,-30.4,5.1000736962724,-36.48,11.4,47.88,0,"	81,84" 
2003-06-02T20:00:00Z,"LANC",2003-11-03T21:00:00Z,Buy,38.69,40.46,9,15.93,4.0809675760941,-0.27,29.7,23.67,1,"	82,113" 
2003-06-02T20:00:00Z,"UGI",2004-03-01T21:00:00Z,Buy,34.13,32.96,11,-12.87,4.4919874412112,-57.2,7.92,65.12,0,"	83,153" 
2003-07-01T20:00:00Z,"HOC",2003-12-01T21:00:00Z,Buy,27.75,27,14,-10.5,3.6071398186207,-48.58,7.14,55.72,0,"	93,120" 
2003-07-01T20:00:00Z,"HWKN",2003-12-01T21:00:00Z,Buy,10.4,13.09,39,104.91,8.719847111893,-4.68,135.72,49.14,1,"	94,121" 
2003-07-01T20:00:00Z,"MAIR",2004-01-02T21:00:00Z,Buy,5.92,7.71,65,116.35,12.046108876535,0,124.8,91.65,1,"	95,134" 
2003-07-01T20:00:00Z,"PETD",2004-01-02T21:00:00Z,Buy,9.16,23.1,20,278.8,7.3692122592116,-10.6,317.8,39,1,"	97,136" 
2003-07-01T20:00:00Z,"PCCC",2004-02-02T21:00:00Z,Buy,6.71,10.01,58,191.4,13.338710844849,0,367.72,345.1,1,"	96,143" 
2003-07-01T20:00:00Z,"WDC",2004-03-01T21:00:00Z,Buy,11.85,11.58,38,-10.26,2.4094518676325,-122.74,112.86,194.94,0,"	98,154" 
2003-07-01T20:00:00Z,"PETD",2004-10-01T20:00:00Z,Buy,9.16,43.73,10,345.7,1.0498177261335,-5.3,347.3,95.7,1,"	97,215" 
2003-09-02T20:00:00Z,"HUBG",2004-01-02T21:00:00Z,Buy,10.79,21.42,17,180.71,3.7070369326409,-2.38,190.57,21.93,1,"	103,133" 
2003-09-02T20:00:00Z,"SAFM",2004-03-01T21:00:00Z,Buy,20.16667675,35.85,7,109.78,2.1112463015918,0,130.85,24.57,1,"	104,152" 
2003-09-02T20:00:00Z,"HUBG",2004-04-01T21:00:00Z,Buy,10.79,29.03,7,127.68,3.3223676164733,-0.98,139.09,32.06,1,"	103,164" 
2003-09-02T20:00:00Z,"SAFM",2004-07-01T20:00:00Z,Buy,20.16667675,52.39,5,161.12,1.8168764104986,0,174.17,29.25,1,"	104,187" 
2003-09-02T20:00:00Z,"HUBG",2004-11-01T21:00:00Z,Buy,10.79,38.67,5,139.4,1.6379820140195,-0.7,158.35,62.25,1,"	103,230" 
2003-10-01T20:00:00Z,"CMTL",2004-07-01T20:00:00Z,Buy,24.07,21.45,18,-47.16,2.2471369776201,-162.72,277.56,440.28,0,"	109,185" 
2003-11-03T21:00:00Z,"ATRI",2004-04-01T21:00:00Z,Buy,42.4,42.18,11,-2.42,6.2461133389278,-42.79,83.6,126.39,0,"	116,162" 
2003-11-03T21:00:00Z,"BWS",2004-10-01T20:00:00Z,Buy,35.22,25.14,14,-141.12,5.1242789263078,-151.2,93.94,245.14,0,"	117,211" 
2003-11-03T21:00:00Z,"CRMT",2004-10-01T20:00:00Z,Buy,30.24,34,15,56.4,6.0762359216401,-89.85,107.1,184.95,1,"	118,212" 
2003-12-01T21:00:00Z,"RBIN",2004-08-02T20:00:00Z,Buy,14.09,20.3,10,62.1,8.3871482461811,-0.1,62.1,15,1,"	127,198" 
2003-12-01T21:00:00Z,"RBIN",2004-09-01T20:00:00Z,Buy,14.09,19.96,27,158.49,3.0002117523091,-0.27,170.37,40.5,1,"	127,206" 
2004-01-02T21:00:00Z,"ZIGO",2004-02-02T21:00:00Z,Buy,16.87,19.38,32,80.32,7.1916645223755,-2.56,107.84,68.16,1,"	142,145" 
2004-01-02T21:00:00Z,"BKH",2004-04-01T21:00:00Z,Buy,29.87,32.08,18,39.78,4.9132222080141,-9.72,39.78,26.64,1,"	138,163" 
2004-01-02T21:00:00Z,"NUS",2004-05-03T20:00:00Z,Buy,17.2,24.46,9,65.34,3.4968239368931,-4.5,74.97,23.13,1,"	140,173" 
2004-01-02T21:00:00Z,"JCOM",2004-09-01T20:00:00Z,Buy,24.86,25.94,10,10.8,1.0501816713767,-145.5,218.4,91.3,1,"	139,204" 
2004-02-02T21:00:00Z,"B",2004-11-01T21:00:00Z,Buy,29.35,26.65,17,-45.9,2.6922236269714,-80.58,8.33,88.91,0,"	146,227" 
2004-03-01T21:00:00Z,"ASGN",2004-04-01T21:00:00Z,Buy,5.79,5.5,98,-28.42,10.600188544744,-68.6,20.58,89.18,0,"	156,161" 
2004-03-01T21:00:00Z,"AHS",2004-09-01T20:00:00Z,Buy,18.37,11.54,30,-204.9,8.5523641778232,-210.6,3.3,213.9,0,"	155,203" 
2004-04-01T21:00:00Z,"SHEN",2004-07-01T20:00:00Z,Buy,22.56,26.3,25,93.5,16.916168087588,-1.5,192,193.5,1,"	171,188" 
2004-04-01T21:00:00Z,"QDEL",2004-08-02T20:00:00Z,Buy,6.41,3.46,85,-250.75,2.8408624325087,-258.4,199.75,458.15,0,"	170,196" 
2004-05-03T20:00:00Z,"CMTL",2004-07-01T20:00:00Z,Buy,16.64,21.45,15,72.15,1.0771322620519,-24.15,342.75,38.7,1,"	174,185" 
2004-05-03T20:00:00Z,"MMSI",2004-08-02T20:00:00Z,Buy,15.9,16.38,11.333874133148,5.44,1.0657861234882,-70.42,103.02,29.35,1,"	175,194" 
2004-05-03T20:00:00Z,"MTRX",2004-08-02T20:00:00Z,Buy,10.73,7.63,20,-62,2.2275697258035,-134.6,179.4,104.2,0,"	176,195" 
2004-05-03T20:00:00Z,"NSIT",2004-09-01T20:00:00Z,Buy,16.97,16.03,32,-30.08,7.6335736083625,-94.4,49.6,144,0,"	177,205" 
2004-07-01T20:00:00Z,"CRUS",2004-10-01T20:00:00Z,Buy,5.8,5.42,96,-36.48,9.3041236449435,-115.2,24.96,140.16,0,"	189,213" 
2004-08-02T20:00:00Z,"ESCA",2004-11-01T21:00:00Z,Buy,10.99,14.02,50,151.5,2.5037304043434,-21,262.5,162.5,1,"	200,229" 
2004-10-01T20:00:00Z,"CACS",2004-11-01T21:00:00Z,Buy,8.11,9.11,79,79,21.837764611278,-41.08,79,46.61,1,"	220,228" 
2004-10-01T20:00:00Z,"MTEX",2004-12-01T21:00:00Z,Buy,14.49,21.99,13,97.5,5.7555156840775,0,115.44,44.98,1,"	222,239" 
