month,low/40/equal/global,low/40/equal/sector,low/40/invvol/global,low/40/invvol/sector,low/60/equal/global,low/60/equal/sector,low/60/invvol/global,low/60/invvol/sector,low/80/equal/global,low/80/equal/sector,low/80/invvol/global,low/80/invvol/sector,base/40/equal/global,base/40/equal/sector,base/40/invvol/global,base/40/invvol/sector,base/60/equal/global,base/60/equal/sector,base/60/invvol/global,base/60/invvol/sector,base/80/equal/global,base/80/equal/sector,base/80/invvol/global,base/80/invvol/sector,high/40/equal/global,high/40/equal/sector,high/40/invvol/global,high/40/invvol/sector,high/60/equal/global,high/60/equal/sector,high/60/invvol/global,high/60/invvol/sector,high/80/equal/global,high/80/equal/sector,high/80/invvol/global,high/80/invvol/sector,SPY
2003-02,-0.016988,-0.020341,-0.014438,-0.011086,-0.018432,-0.011456,-0.017026,-0.006974,-0.019333,-0.016674,-0.012234,-0.009984,-0.020079,-0.023577,-0.017412,-0.014084,-0.022118,-0.015205,-0.020301,-0.010123,-0.023439,-0.020769,-0.014869,-0.012620,-0.026261,-0.030051,-0.023360,-0.020080,-0.029489,-0.022704,-0.026853,-0.016421,-0.031652,-0.028958,-0.020139,-0.017892,-0.014213
2003-03,-0.005661,-0.003832,-0.003730,-0.004387,0.003253,0.003954,0.003349,0.003096,0.015397,0.006270,0.008450,0.005587,-0.005679,-0.004020,-0.003742,-0.004558,0.003102,0.003836,0.003198,0.002862,0.015210,0.006172,0.008047,0.005132,-0.005715,-0.004401,-0.003764,-0.004922,0.002796,0.003597,0.002894,0.002404,0.014832,0.005941,0.007234,0.004239,0.008304
2003-04,0.081463,0.074925,0.078759,0.072614,0.088017,0.084343,0.081877,0.081987,0.084042,0.078739,0.064605,0.061550,0.081140,0.075036,0.078449,0.072636,0.087883,0.084406,0.081564,0.081906,0.083667,0.078475,0.064476,0.061329,0.080488,0.075261,0.077698,0.072719,0.087617,0.084456,0.080901,0.081729,0.083207,0.077816,0.064215,0.060860,0.080843
2003-05,0.081598,0.078986,0.072244,0.066946,0.069495,0.082312,0.062312,0.073489,0.064718,0.072165,0.049752,0.046815,0.081544,0.079085,0.072152,0.067083,0.069257,0.082285,0.062113,0.073255,0.064531,0.071942,0.045235,0.046829,0.081447,0.079510,0.070290,0.067146,0.069055,0.081921,0.061377,0.072719,0.064285,0.071634,0.044808,0.046122,0.055308
2003-06,0.036861,0.020946,0.034826,0.020405,0.043760,0.036657,0.040829,0.028997,0.042695,0.036209,0.030171,0.032459,0.036814,0.020673,0.034759,0.020229,0.043660,0.036325,0.040753,0.028593,0.042645,0.035922,0.029688,0.031830,0.036604,0.020329,0.034419,0.019769,0.043582,0.035487,0.040207,0.027693,0.042698,0.035556,0.029473,0.030820,0.011481
2003-07,0.046322,0.058354,0.052231,0.052386,0.059824,0.069263,0.050131,0.057738,0.071442,0.071990,0.048926,0.050463,0.046105,0.056752,0.051987,0.051714,0.059455,0.068681,0.049510,0.057145,0.070852,0.071098,0.051134,0.050377,0.045591,0.055355,0.051573,0.050237,0.058957,0.067196,0.049356,0.056087,0.069854,0.069420,0.050684,0.051144,0.017607
2003-08,0.056733,0.051026,0.056071,0.059308,0.056712,0.059444,0.056879,0.060592,0.054306,0.056590,0.053374,0.054940,0.056400,0.051321,0.055835,0.059329,0.056750,0.059634,0.056959,0.060777,0.054362,0.056645,0.052091,0.054933,0.056472,0.051675,0.055928,0.059113,0.056634,0.059770,0.056481,0.057993,0.054159,0.056834,0.051747,0.054017,0.020018
2003-09,0.009128,-0.001574,0.001619,-0.010250,0.011423,-0.000218,0.001267,-0.006401,0.001498,-0.004274,-0.004400,-0.011293,0.009041,-0.001925,0.001448,-0.010216,0.011110,-0.000412,0.001139,-0.006750,0.000946,-0.004684,-0.003996,-0.013898,0.009366,-0.002668,0.001294,-0.010896,0.011167,-0.001035,0.000864,-0.007978,0.000508,-0.005409,-0.004824,-0.009012,-0.011406
2003-10,0.098785,0.093164,0.092223,0.083694,0.119045,0.092858,0.097831,0.089584,0.104404,0.092151,0.089831,0.080243,0.099086,0.093424,0.092357,0.082598,0.118570,0.092859,0.097563,0.089729,0.104134,0.092050,0.086511,0.080668,0.099152,0.093618,0.091703,0.081261,0.118049,0.092127,0.097306,0.089707,0.104032,0.092255,0.086514,0.080295,0.055678
2003-11,0.030416,0.057418,0.031917,0.048294,0.053181,0.059141,0.049099,0.050031,0.049111,0.060053,0.047336,0.053471,0.030219,0.057335,0.031609,0.047575,0.052923,0.058979,0.048861,0.049665,0.048855,0.059657,0.042554,0.052433,0.029470,0.057287,0.030382,0.046916,0.052251,0.057641,0.048404,0.047997,0.048881,0.059515,0.041791,0.051324,0.010245
2003-12,0.007293,0.007822,0.018871,0.015434,0.019685,0.036051,0.019966,0.039170,0.016375,0.034200,0.020796,0.041639,0.006973,0.007577,0.018716,0.014305,0.020620,0.035435,0.019917,0.038282,0.016230,0.033739,0.031577,0.042031,0.005976,0.006359,0.018539,0.013666,0.017822,0.034859,0.018771,0.037787,0.016041,0.032829,0.030686,0.040475,0.048599
2004-01,0.011456,-0.006786,0.006744,-0.004353,0.000332,0.005356,0.003234,0.006112,0.011196,0.008650,0.013470,0.006303,0.011456,-0.007187,0.006326,-0.006797,-0.000571,0.004950,0.002663,0.005778,0.010658,0.006331,0.014435,0.005815,0.011357,-0.008284,0.006565,-0.004133,-0.000557,0.003566,0.002456,0.003556,0.009470,0.005741,0.013757,0.005986,0.020603
2004-02,0.041758,0.025245,0.047021,0.029952,0.036806,0.031616,0.041182,0.034126,0.032392,0.020602,0.036021,0.028550,0.041668,0.025367,0.046944,0.030954,0.036586,0.031529,0.040094,0.034322,0.031971,0.021055,0.038056,0.027776,0.041073,0.025219,0.046648,0.028916,0.036584,0.030856,0.040438,0.035080,0.032052,0.020238,0.037397,0.025721,0.014457
2004-03,0.020130,0.000089,0.026093,0.012815,0.019076,0.010086,0.026307,0.024404,0.015095,0.012212,0.024875,0.032410,0.019743,0.000172,0.025306,0.012292,0.019211,0.009743,0.024837,0.024151,0.014891,0.011432,0.024826,0.031747,0.018903,-0.001109,0.023505,0.010994,0.018062,0.009210,0.024013,0.023012,0.015694,0.010474,0.024022,0.029930,-0.015674
2004-04,-0.037597,-0.049667,-0.027399,-0.033844,-0.036375,-0.039533,-0.028469,-0.032308,-0.028709,-0.030223,-0.019667,-0.020843,-0.038024,-0.049775,-0.028055,-0.034054,-0.037382,-0.040398,-0.028993,-0.032019,-0.028353,-0.033033,-0.018974,-0.021113,-0.039303,-0.051653,-0.029282,-0.034909,-0.038710,-0.041379,-0.029852,-0.033091,-0.030286,-0.034153,-0.020263,-0.022996,-0.015503
2004-05,-0.001908,-0.000892,-0.011758,-0.005943,0.013058,0.016708,0.006564,0.007705,0.014707,0.009274,-0.002273,-0.006791,-0.002136,-0.000355,-0.012283,-0.007491,0.012335,0.015999,0.005942,0.007332,0.013477,0.009346,-0.003369,-0.007186,-0.003139,-0.000761,-0.013212,-0.007642,0.009793,0.017291,0.004524,0.008890,0.012494,0.009041,-0.004707,-0.005731,0.014218
2004-06,0.069388,0.065513,0.066401,0.056966,0.052047,0.053135,0.049430,0.046724,0.043356,0.048796,0.043883,0.044559,0.069053,0.065503,0.066776,0.056852,0.052906,0.052537,0.047972,0.046177,0.043853,0.048491,0.044110,0.043666,0.069308,0.063848,0.065327,0.055814,0.053078,0.053017,0.047246,0.046041,0.041742,0.047889,0.044267,0.041520,0.019144
2004-07,-0.079892,-0.074382,-0.068347,-0.058415,-0.066569,-0.057438,-0.065275,-0.045250,-0.063996,-0.054754,-0.049724,-0.034357,-0.080053,-0.074951,-0.068864,-0.058938,-0.067846,-0.057289,-0.066390,-0.045450,-0.064366,-0.055238,-0.049013,-0.034479,-0.083632,-0.075366,-0.068441,-0.061691,-0.070175,-0.059255,-0.065993,-0.045979,-0.065690,-0.056335,-0.051438,-0.034111,-0.033028
2004-08,-0.023310,-0.022131,-0.014057,-0.010435,-0.020105,-0.023349,-0.015651,-0.015763,-0.019171,-0.015477,-0.007195,-0.002132,-0.024338,-0.023022,-0.014712,-0.009100,-0.020650,-0.023055,-0.017331,-0.016426,-0.019791,-0.016671,-0.007838,-0.003089,-0.025925,-0.024287,-0.014288,-0.009941,-0.021864,-0.023563,-0.017587,-0.015931,-0.021169,-0.017729,-0.007861,-0.002899,0.003614
2004-09,0.035895,0.030034,0.032030,0.022792,0.039661,0.040721,0.044507,0.034136,0.050563,0.048852,0.056453,0.038679,0.034932,0.028945,0.031914,0.022138,0.039578,0.039431,0.043984,0.033158,0.051148,0.048897,0.057380,0.040052,0.034268,0.026744,0.029828,0.021539,0.037730,0.038160,0.042248,0.032796,0.048909,0.047972,0.056154,0.040542,0.010221
2004-10,-0.001071,0.015158,0.005153,0.014407,0.008186,0.004428,0.010115,0.005353,0.022738,0.010305,0.026805,0.015843,0.001470,0.014336,0.004307,0.013950,0.006651,0.003139,0.009434,0.004197,0.021449,0.009619,0.022712,0.015050,0.000136,0.013708,0.003973,0.010325,0.007040,0.000170,0.010049,0.003320,0.021785,0.008845,0.022212,0.016186,0.014677
2004-11,0.109631,0.113519,0.086201,0.087573,0.096238,0.108434,0.081434,0.087346,0.099780,0.087266,0.078643,0.074610,0.111262,0.113058,0.084913,0.087467,0.096017,0.107290,0.081141,0.086788,0.099321,0.087990,0.076529,0.072735,0.110943,0.110429,0.084416,0.086997,0.094321,0.108019,0.079825,0.085985,0.098325,0.086941,0.075266,0.068646,0.041795
2004-12,0.032966,0.030770,0.030272,0.018311,0.031775,0.022335,0.022211,0.024251,0.029187,0.028360,0.024028,0.024084,0.033982,0.029571,0.027857,0.018066,0.029462,0.022706,0.022390,0.024135,0.029140,0.028408,0.019765,0.024210,0.032488,0.028373,0.025633,0.017927,0.026388,0.022057,0.020653,0.023149,0.028219,0.028391,0.022910,0.024920,0.032625
2005-01,-0.007964,-0.006754,-0.005134,-0.002636,0.000614,-0.002153,0.006633,0.002544,-0.005182,0.004434,-0.002955,0.008492,-0.008317,-0.006957,-0.005530,-0.003146,-0.000350,-0.003089,0.006504,0.001937,-0.006317,0.003655,0.000201,0.007441,-0.008686,-0.007896,-0.006264,-0.004506,-0.000604,-0.003817,0.005801,0.001320,-0.006108,0.002594,-0.003559,0.005461,-0.024537
2005-02,0.036667,0.034691,0.029705,0.030375,0.049071,0.038839,0.043251,0.036733,0.052517,0.041533,0.047607,0.036386,0.035998,0.034534,0.029728,0.031276,0.049260,0.039079,0.041967,0.036373,0.052278,0.041374,0.049235,0.036011,0.035644,0.034649,0.029392,0.030936,0.048857,0.038219,0.041383,0.035521,0.050832,0.040695,0.047445,0.033594,0.020920
2005-03,-0.033593,-0.035239,-0.013515,-0.027227,-0.013116,-0.025745,-0.009530,-0.017350,-0.012071,-0.030958,-0.010119,-0.019138,-0.033763,-0.035161,-0.012993,-0.027445,-0.013470,-0.026091,-0.010736,-0.017216,-0.012988,-0.031495,-0.011712,-0.019176,-0.034057,-0.035827,-0.013165,-0.027637,-0.013903,-0.026837,-0.009264,-0.017016,-0.013049,-0.031153,-0.011202,-0.020514,-0.017645
2005-04,-0.059538,-0.035938,-0.053380,-0.022516,-0.059298,-0.060912,-0.057963,-0.050782,-0.070754,-0.049445,-0.061422,-0.036306,-0.059680,-0.035561,-0.053296,-0.023201,-0.060208,-0.062712,-0.058129,-0.051010,-0.072650,-0.050497,-0.065498,-0.036635,-0.059255,-0.033916,-0.054077,-0.023091,-0.061110,-0.063693,-0.059372,-0.049192,-0.071506,-0.052218,-0.063993,-0.037786,-0.019076
2005-05,0.037052,0.059143,0.036489,0.050261,0.042906,0.047553,0.038567,0.045151,0.046555,0.049137,0.043857,0.042655,0.036985,0.058232,0.036139,0.049635,0.042363,0.047525,0.038232,0.044881,0.046571,0.049811,0.041590,0.042699,0.035598,0.058828,0.035043,0.050547,0.041776,0.047921,0.037243,0.043866,0.044234,0.050183,0.042280,0.039664,0.032411
2005-06,0.040976,0.034154,0.032673,0.026025,0.039161,0.034817,0.030725,0.024802,0.038217,0.031011,0.031854,0.023369,0.041249,0.034204,0.033398,0.025287,0.038671,0.034536,0.030151,0.024548,0.037890,0.031050,0.034744,0.023005,0.041983,0.032487,0.031844,0.022859,0.038313,0.034519,0.029813,0.022925,0.037239,0.031905,0.030835,0.021619,0.000755
2005-07,0.092684,0.070569,0.083025,0.061877,0.076641,0.069039,0.073988,0.060674,0.057136,0.060128,0.054245,0.059352,0.093040,0.070304,0.080923,0.060618,0.076444,0.069134,0.071244,0.059904,0.055427,0.060488,0.055547,0.059612,0.092618,0.069724,0.081286,0.061345,0.076062,0.066269,0.070568,0.061744,0.057269,0.060446,0.051634,0.058354,0.037796
2005-08,-0.019682,0.005715,-0.021423,0.001682,-0.011225,0.001913,-0.014454,-0.000473,-0.013636,-0.007177,-0.015246,-0.003455,-0.019655,0.005718,-0.021223,0.001570,-0.011882,0.000654,-0.017078,-0.000163,-0.013602,-0.006290,-0.017257,-0.004303,-0.020370,0.005281,-0.023416,0.000660,-0.013036,0.001941,-0.015738,-0.000573,-0.015724,-0.006367,-0.015416,-0.004932,-0.009469
2005-09,0.015029,0.030759,0.022743,0.031232,0.007788,0.024585,0.003397,0.024244,0.007506,0.019503,0.005538,0.020957,0.014601,0.030458,0.020929,0.030898,0.007871,0.024587,0.001018,0.024334,0.007190,0.019141,0.005273,0.021719,0.014649,0.029193,0.021934,0.030624,0.006267,0.022074,0.002248,0.023566,0.005739,0.017929,0.006309,0.019150,0.007783
2005-10,-0.027426,-0.034964,-0.027435,-0.038174,-0.003313,-0.019195,-0.016941,-0.026990,-0.013298,-0.018088,-0.017745,-0.025491,-0.027585,-0.035192,-0.026077,-0.037487,-0.004163,-0.019526,-0.017219,-0.027108,-0.012270,-0.018182,-0.019101,-0.024727,-0.028493,-0.035541,-0.027980,-0.038206,-0.004356,-0.018459,-0.017315,-0.028261,-0.013362,-0.018564,-0.019027,-0.025770,-0.017180
2005-11,0.044593,0.038507,0.042027,0.039820,0.051551,0.052208,0.052324,0.042999,0.056231,0.047867,0.050834,0.035095,0.044794,0.038402,0.042362,0.040145,0.051618,0.052689,0.049100,0.042677,0.056277,0.046916,0.053214,0.034000,0.044090,0.038510,0.042039,0.039975,0.051489,0.050152,0.049465,0.041931,0.056361,0.046592,0.049700,0.032379,0.038274
2005-12,0.013704,0.002164,0.015282,0.002192,0.003353,-0.000650,0.002468,0.000179,-0.002482,0.005518,0.001547,0.003571,0.012788,0.001823,0.013695,0.002242,0.002639,-0.001518,0.001889,-0.000056,-0.003132,0.005167,0.000804,0.003195,0.012191,0.001017,0.013690,0.000431,0.001805,-0.002359,0.000139,-0.001183,-0.004553,0.003627,-0.001411,0.003230,-0.000959
2006-01,0.125122,0.105757,0.117225,0.096527,0.109610,0.107768,0.106146,0.090877,0.103975,0.100517,0.099672,0.088315,0.125394,0.106538,0.118435,0.096756,0.108758,0.107743,0.102997,0.092132,0.103645,0.097837,0.100302,0.088688,0.125363,0.103866,0.116360,0.098370,0.109926,0.107918,0.100880,0.090754,0.105504,0.099632,0.099691,0.088441,0.027298
2006-02,-0.006752,-0.019730,-0.014682,-0.015461,-0.010888,-0.024788,-0.008521,-0.020133,-0.005328,-0.021099,-0.002941,-0.015923,-0.007753,-0.020174,-0.014815,-0.016000,-0.010519,-0.025167,-0.006994,-0.021258,-0.005009,-0.021279,-0.001836,-0.015223,-0.008206,-0.020415,-0.015496,-0.016126,-0.012193,-0.025078,-0.006147,-0.021020,-0.005867,-0.021944,-0.004305,-0.015104,0.002423
2006-03,0.059047,0.044048,0.053713,0.029619,0.061288,0.050240,0.053136,0.040113,0.055334,0.054049,0.045886,0.040484,0.060720,0.044250,0.052473,0.028985,0.061539,0.051077,0.052549,0.039615,0.053231,0.054848,0.045908,0.040599,0.060360,0.043320,0.053286,0.031007,0.062404,0.047861,0.051391,0.040833,0.053318,0.053900,0.045823,0.040931,0.013605
2006-04,0.026983,0.037729,0.029806,0.041943,0.034774,0.039051,0.036159,0.034082,0.028448,0.036252,0.030809,0.033768,0.025418,0.037579,0.027761,0.041377,0.034342,0.039800,0.033090,0.033084,0.026902,0.035806,0.027860,0.031533,0.025392,0.037270,0.027816,0.041419,0.033880,0.036939,0.032242,0.032917,0.026898,0.036197,0.030963,0.028098,0.012742
2006-05,-0.053281,-0.037424,-0.051219,-0.038750,-0.042555,-0.049055,-0.051595,-0.044492,-0.050637,-0.055919,-0.053336,-0.048611,-0.052829,-0.037523,-0.051768,-0.038399,-0.043054,-0.049448,-0.052796,-0.046001,-0.052181,-0.056751,-0.052716,-0.050183,-0.054512,-0.038137,-0.052558,-0.040715,-0.044137,-0.050404,-0.053670,-0.046486,-0.053033,-0.058009,-0.053394,-0.051883,-0.029282
2006-06,0.037053,0.029225,0.031524,0.025834,0.026053,0.026272,0.023582,0.023818,0.018687,0.024732,0.014731,0.026170,0.035191,0.029762,0.031251,0.025602,0.026170,0.025594,0.023856,0.022912,0.018165,0.024327,0.015797,0.025472,0.034337,0.027282,0.029467,0.024931,0.024893,0.025663,0.023839,0.022328,0.016000,0.023666,0.012556,0.022990,0.002137
2006-07,-0.062176,-0.039612,-0.057265,-0.041817,-0.054442,-0.045831,-0.050483,-0.039099,-0.053114,-0.048923,-0.050688,-0.041466,-0.062929,-0.039402,-0.057118,-0.040695,-0.054333,-0.046103,-0.051249,-0.040630,-0.052711,-0.050481,-0.052138,-0.040179,-0.061803,-0.039954,-0.058169,-0.041227,-0.053026,-0.047528,-0.051014,-0.040365,-0.053037,-0.050743,-0.051263,-0.042627,0.005196
2006-08,-0.016907,0.003224,-0.019225,0.002952,-0.016847,-0.012157,-0.015826,-0.012264,-0.023928,-0.007684,-0.019483,-0.001669,-0.016922,0.001423,-0.019351,0.001128,-0.017423,-0.012132,-0.017381,-0.013626,-0.024580,-0.007346,-0.021913,-0.003466,-0.016919,0.001251,-0.019744,0.000793,-0.018557,-0.012228,-0.019233,-0.013178,-0.026013,-0.007319,-0.020240,-0.001739,0.023811
2006-09,0.004526,-0.003090,0.009810,0.000496,0.011301,0.004089,0.016357,0.006063,0.008612,0.007764,0.012269,0.002901,0.003819,-0.003368,0.011202,-0.001311,0.011012,0.004000,0.016043,0.005337,0.008131,0.007602,0.009993,0.002841,0.002578,-0.004081,0.010269,-0.002141,0.010636,0.002638,0.015337,0.003845,0.006805,0.007034,0.010592,0.001284,0.025689
2006-10,0.073774,0.063603,0.078199,0.062462,0.078886,0.068297,0.073113,0.065097,0.074006,0.066778,0.070005,0.063926,0.073166,0.064146,0.076973,0.062613,0.078506,0.066410,0.074122,0.065726,0.074095,0.066848,0.070769,0.065188,0.072425,0.063327,0.075620,0.063083,0.076906,0.065536,0.072694,0.063992,0.073522,0.064051,0.067559,0.063950,0.032289
2006-11,0.031540,0.026520,0.027191,0.020769,0.026919,0.021268,0.027092,0.018799,0.026935,0.021623,0.029811,0.019890,0.031111,0.026031,0.027046,0.020837,0.027437,0.022045,0.027699,0.018084,0.026577,0.021895,0.030996,0.019550,0.030386,0.024479,0.026383,0.019952,0.026590,0.020737,0.027097,0.018800,0.027129,0.021422,0.029490,0.018168,0.019377
2006-12,-0.004721,-0.009533,-0.000881,-0.000624,-0.003281,-0.008592,0.002711,-0.002704,-0.006657,-0.007119,-0.003813,-0.003160,-0.005079,-0.010695,-0.002337,-0.000420,-0.004114,-0.008793,0.001295,-0.002936,-0.006497,-0.007483,-0.005145,-0.003785,-0.005633,-0.010929,-0.002448,-0.001200,-0.004302,-0.009632,0.000865,-0.003662,-0.007087,-0.008676,-0.004576,-0.005967,0.013163
2007-01,0.016725,0.013174,0.018151,0.010167,0.020967,0.008070,0.019748,0.009053,0.023792,0.011732,0.023420,0.007642,0.016655,0.012496,0.018980,0.010605,0.021342,0.008376,0.021023,0.010128,0.022762,0.011674,0.020967,0.007226,0.016269,0.011360,0.018119,0.011069,0.021275,0.007235,0.020154,0.008944,0.021741,0.011234,0.022728,0.005195,0.016181
2007-02,0.020109,0.021056,0.016138,0.014448,0.013071,0.018059,0.008647,0.012531,0.006371,0.006271,0.003829,0.000878,0.020281,0.020875,0.014345,0.013900,0.011853,0.017380,0.008901,0.012500,0.006284,0.005122,0.002506,-0.000025,0.018778,0.019512,0.013774,0.012993,0.011631,0.016450,0.008911,0.010786,0.003758,0.003392,0.001037,-0.000022,-0.020026
2007-03,0.020860,0.028436,0.028682,0.031490,0.026061,0.021839,0.027573,0.024867,0.019984,0.016606,0.023131,0.018786,0.020970,0.029127,0.029270,0.031250,0.024691,0.021083,0.028488,0.023664,0.018846,0.017186,0.024603,0.017979,0.019888,0.028685,0.027945,0.030606,0.023770,0.021146,0.027610,0.022734,0.020535,0.015548,0.022168,0.019400,0.011159
2007-04,0.024267,0.016640,0.020089,0.016926,0.025371,0.023611,0.024719,0.026869,0.014642,0.019745,0.020503,0.026876,0.023461,0.017348,0.020863,0.017207,0.024769,0.023858,0.025335,0.026270,0.014660,0.019649,0.018562,0.025832,0.022844,0.016925,0.019402,0.016269,0.024284,0.022287,0.023169,0.027548,0.014653,0.018041,0.018166,0.024601,0.044315
2007-05,0.041058,0.028235,0.050345,0.037650,0.035410,0.046309,0.040752,0.043523,0.038841,0.041821,0.040615,0.040775,0.039819,0.027688,0.050786,0.037605,0.035112,0.045467,0.041209,0.043904,0.038502,0.041660,0.041038,0.039326,0.040636,0.026980,0.049697,0.036228,0.033573,0.044099,0.039562,0.043736,0.038002,0.040496,0.039727,0.036910,0.034541
2007-06,-0.023174,-0.012752,-0.023187,-0.015151,-0.016156,-0.005901,-0.015693,-0.006359,-0.016446,-0.007891,-0.014090,-0.007095,-0.021476,-0.012899,-0.024353,-0.015251,-0.016346,-0.007125,-0.015876,-0.006007,-0.016485,-0.009227,-0.014683,-0.008069,-0.024695,-0.013096,-0.024886,-0.016507,-0.017268,-0.008317,-0.016693,-0.006935,-0.018458,-0.009884,-0.015571,-0.011391,-0.017756
2007-07,-0.064453,-0.066018,-0.059997,-0.056815,-0.060056,-0.057730,-0.052323,-0.049100,-0.059583,-0.055121,-0.054155,-0.044828,-0.064441,-0.066627,-0.060249,-0.056475,-0.060081,-0.057263,-0.053789,-0.048699,-0.058973,-0.055142,-0.053899,-0.046183,-0.064820,-0.068771,-0.059808,-0.057012,-0.059731,-0.056566,-0.054271,-0.049582,-0.057992,-0.054974,-0.055466,-0.047946,-0.030604
2007-08,0.001452,-0.015554,0.006377,-0.010913,-0.001817,0.000682,-0.000633,0.002752,-0.000607,0.004105,-0.001654,0.008810,0.002349,-0.015677,0.006933,-0.009900,-0.003408,0.000529,-0.001466,0.001952,-0.002633,0.004190,-0.002058,0.008702,0.000462,-0.014219,0.005304,-0.010676,-0.004168,0.000875,-0.002326,0.001574,-0.004356,0.003516,-0.004996,0.007659,0.014306
2007-09,0.011192,0.003812,0.001909,0.005269,0.017880,0.019989,0.015061,0.022213,0.016242,0.021952,0.017124,0.021998,0.010116,0.003255,0.000620,0.004463,0.017425,0.018699,0.014204,0.021602,0.016924,0.020791,0.016053,0.021091,0.009386,0.004295,-0.000433,0.004063,0.017682,0.017692,0.013358,0.019106,0.015997,0.021073,0.014420,0.020705,0.038808
2007-10,0.027650,0.042042,0.023086,0.038784,0.017398,0.019781,0.012377,0.010283,0.015486,0.010448,0.011482,0.002033,0.027074,0.042759,0.023438,0.038947,0.018610,0.018373,0.012147,0.010154,0.014697,0.009376,0.011687,0.001748,0.025853,0.042206,0.022770,0.035332,0.017721,0.017525,0.012666,0.009958,0.013055,0.009797,0.012304,0.003199,0.015216
2007-11,-0.074207,-0.085297,-0.075597,-0.080698,-0.072744,-0.084169,-0.071229,-0.071823,-0.080877,-0.075297,-0.077676,-0.063878,-0.073631,-0.086476,-0.075686,-0.082706,-0.072082,-0.084734,-0.072230,-0.072066,-0.081098,-0.074699,-0.078314,-0.064356,-0.075941,-0.087933,-0.076123,-0.082656,-0.073619,-0.085571,-0.071427,-0.072644,-0.081644,-0.074861,-0.079128,-0.064140,-0.040894
2007-12,-0.002199,-0.002095,-0.006962,0.002745,0.000646,0.008375,0.002750,0.014894,0.011998,0.018330,0.013292,0.014539,-0.002773,-0.002625,-0.008383,0.002443,-0.000333,0.008907,0.002133,0.014301,0.010921,0.017722,0.012498,0.013735,-0.002817,-0.004280,-0.008727,0.001551,-0.000377,0.007106,0.001416,0.012943,0.010232,0.014933,0.011847,0.012142,-0.008498
2008-01,-0.049956,-0.068970,-0.046168,-0.063931,-0.060225,-0.067469,-0.056016,-0.067374,-0.067988,-0.072916,-0.064985,-0.066886,-0.050889,-0.068521,-0.046560,-0.064778,-0.060223,-0.069277,-0.054307,-0.069922,-0.068084,-0.074730,-0.067493,-0.067338,-0.053066,-0.069905,-0.048640,-0.066674,-0.060826,-0.069884,-0.054940,-0.069194,-0.068187,-0.071495,-0.067191,-0.067611,-0.061330
2008-02,0.002431,0.001393,0.002691,0.005717,0.002492,0.004504,0.000275,0.006098,0.011210,0.005908,0.007021,0.007573,0.002680,0.000443,0.002172,0.007911,0.000569,0.004140,-0.001679,0.009633,0.010675,0.004800,0.007020,0.006991,0.002512,0.001059,0.001181,0.003925,-0.001838,0.003184,-0.003170,0.007474,0.010706,0.004321,0.005063,0.006931,-0.030486
2008-03,-0.006125,-0.022805,-0.010133,-0.022433,0.000474,-0.007303,0.000991,-0.015709,-0.004061,-0.010297,-0.002087,-0.008510,-0.007213,-0.023317,-0.009871,-0.022254,0.001133,-0.008865,0.001122,-0.018175,-0.003928,-0.010713,-0.002797,-0.009977,-0.010246,-0.022163,-0.010992,-0.023510,-0.000458,-0.009681,0.003055,-0.018720,-0.007778,-0.012662,-0.004154,-0.011662,-0.004931
2008-04,0.046664,0.045571,0.043051,0.055207,0.022697,0.028836,0.033625,0.032416,0.029179,0.011652,0.034838,0.015461,0.045634,0.041450,0.042392,0.052909,0.019957,0.029853,0.031710,0.030693,0.030748,0.010193,0.036147,0.015459,0.046321,0.039256,0.038870,0.050648,0.018948,0.027181,0.026990,0.030530,0.032600,0.008344,0.033771,0.013804,0.049189
2008-05,0.067883,0.078259,0.062557,0.077007,0.063939,0.064109,0.059892,0.055733,0.059969,0.057354,0.057906,0.055219,0.067124,0.076348,0.063019,0.075606,0.062163,0.063918,0.059193,0.059024,0.059934,0.056340,0.057498,0.055215,0.063742,0.075459,0.060864,0.073690,0.060833,0.061189,0.057079,0.056917,0.058690,0.054091,0.053755,0.052921,0.012064
2008-06,-0.030890,-0.023549,-0.030480,-0.022558,-0.038130,-0.049435,-0.038754,-0.045363,-0.049754,-0.050544,-0.048809,-0.047387,-0.030945,-0.023507,-0.030679,-0.024445,-0.039074,-0.049933,-0.038951,-0.047813,-0.050485,-0.051045,-0.049428,-0.047353,-0.032682,-0.025535,-0.031253,-0.024549,-0.041910,-0.050982,-0.042497,-0.049866,-0.052479,-0.053333,-0.052905,-0.049415,-0.082955
2008-07,0.011017,-0.015077,-0.005094,-0.028275,-0.002590,0.022061,-0.008053,0.005729,0.010465,0.018140,0.007138,0.009160,0.008676,-0.016850,-0.005344,-0.026889,-0.003615,0.023073,-0.007562,0.004512,0.011619,0.016589,0.006680,0.006856,0.008914,-0.018577,-0.005507,-0.028155,-0.004270,0.021230,-0.007535,0.005016,0.009498,0.018540,0.007268,0.005963,-0.007744
2008-08,0.015471,0.025693,0.021281,0.032405,0.013536,0.015857,0.019376,0.027611,0.006083,0.017570,0.013760,0.024188,0.014290,0.023196,0.020840,0.031978,0.012701,0.015168,0.019113,0.026055,0.006395,0.017048,0.012787,0.024354,0.013263,0.023540,0.020277,0.032738,0.013049,0.014783,0.018725,0.025505,0.005313,0.015420,0.011823,0.021202,0.014505
2008-09,-0.134163,-0.113663,-0.120092,-0.097344,-0.121238,-0.099742,-0.096367,-0.080166,-0.114460,-0.098124,-0.096214,-0.075475,-0.134347,-0.113378,-0.119508,-0.096813,-0.121168,-0.099285,-0.095129,-0.084909,-0.112448,-0.098897,-0.097645,-0.077381,-0.134958,-0.115418,-0.121649,-0.098719,-0.121764,-0.096790,-0.096844,-0.082750,-0.114529,-0.095810,-0.096766,-0.080984,-0.089192
2008-10,-0.189549,-0.174167,-0.171031,-0.151203,-0.193522,-0.155787,-0.166943,-0.136692,-0.178081,-0.156864,-0.159838,-0.131745,-0.191347,-0.175628,-0.170788,-0.152418,-0.192521,-0.159349,-0.165183,-0.139699,-0.178687,-0.161114,-0.159903,-0.131640,-0.196087,-0.178676,-0.167919,-0.153871,-0.194442,-0.162293,-0.165753,-0.138232,-0.184742,-0.160761,-0.160113,-0.136691,-0.166552
2008-11,-0.070638,-0.069749,-0.077336,-0.067189,-0.083548,-0.093912,-0.072120,-0.091273,-0.091466,-0.093145,-0.080456,-0.082858,-0.071238,-0.069692,-0.076332,-0.068635,-0.083731,-0.094740,-0.072233,-0.087214,-0.089906,-0.097297,-0.080131,-0.084653,-0.074484,-0.071381,-0.078321,-0.069374,-0.084908,-0.094332,-0.070793,-0.090519,-0.092439,-0.097784,-0.082299,-0.091120,-0.075260
2008-12,0.049452,0.059981,0.044436,0.057759,0.062197,0.063381,0.052412,0.046752,0.062795,0.051969,0.053500,0.028590,0.049056,0.059772,0.046652,0.054441,0.060335,0.061796,0.051230,0.050205,0.063425,0.046833,0.045861,0.026320,0.046754,0.059668,0.044078,0.051747,0.057087,0.056677,0.051660,0.045577,0.052899,0.044105,0.051220,0.027437,0.013850
2009-01,-0.097204,-0.084858,-0.090084,-0.079647,-0.098611,-0.083827,-0.092914,-0.076810,-0.105696,-0.090086,-0.093180,-0.069794,-0.097533,-0.082426,-0.091328,-0.077963,-0.099601,-0.083537,-0.089302,-0.079981,-0.106655,-0.089793,-0.092842,-0.070900,-0.098610,-0.086815,-0.093431,-0.080162,-0.100891,-0.087220,-0.091035,-0.078137,-0.108329,-0.089405,-0.096777,-0.071661,-0.084579
2009-02,-0.092325,-0.110296,-0.095659,-0.116071,-0.089957,-0.102479,-0.086092,-0.104055,-0.092397,-0.100858,-0.088588,-0.102110,-0.093544,-0.109340,-0.098628,-0.116226,-0.092149,-0.102657,-0.086694,-0.103980,-0.093598,-0.103992,-0.086589,-0.102708,-0.098016,-0.109381,-0.101320,-0.116878,-0.096403,-0.109441,-0.090873,-0.105695,-0.096627,-0.107164,-0.092554,-0.104918,-0.105938
2009-03,0.132569,0.085045,0.120970,0.078808,0.128140,0.091441,0.122434,0.096091,0.116915,0.099740,0.112958,0.091691,0.128477,0.079634,0.126309,0.077417,0.129972,0.089698,0.124236,0.091887,0.116463,0.099257,0.107067,0.091088,0.119838,0.078147,0.133537,0.079974,0.129751,0.093357,0.126059,0.090843,0.117017,0.098655,0.110684,0.090810,0.082231
2009-04,0.127970,0.115384,0.120096,0.106133,0.124753,0.117328,0.122679,0.107064,0.121105,0.114052,0.117341,0.098441,0.124824,0.112406,0.115639,0.104178,0.123028,0.114742,0.116995,0.105477,0.120007,0.111324,0.117107,0.096344,0.122082,0.107514,0.110793,0.099038,0.117916,0.109611,0.114079,0.096979,0.118541,0.105798,0.118042,0.095979,0.102090
2009-05,0.036008,0.036482,0.020353,0.025874,0.029386,0.016893,0.021784,0.013449,0.019648,0.022714,0.015073,0.018438,0.035516,0.036564,0.019129,0.024757,0.029219,0.018062,0.019773,0.011638,0.018885,0.021833,0.010818,0.017842,0.034014,0.034210,0.016742,0.025311,0.026244,0.012579,0.017977,0.009889,0.017708,0.021078,0.008868,0.017357,0.055511
2009-06,0.030502,0.031465,0.031527,0.038396,0.027597,0.033575,0.028023,0.035957,0.032546,0.031199,0.031406,0.035619,0.029553,0.030988,0.031115,0.037001,0.026316,0.032299,0.026059,0.036316,0.032010,0.032772,0.030654,0.034832,0.027962,0.031971,0.028512,0.035618,0.024199,0.030757,0.025112,0.034255,0.029770,0.030715,0.030158,0.031792,0.000325
2009-07,0.079918,0.071154,0.075493,0.069642,0.075238,0.074433,0.071999,0.073092,0.063812,0.063232,0.063483,0.062616,0.079637,0.068322,0.075531,0.067586,0.076182,0.073677,0.072497,0.073201,0.063611,0.061643,0.064360,0.062045,0.078931,0.067480,0.075260,0.067359,0.074132,0.073269,0.072179,0.069998,0.063342,0.061262,0.060275,0.061357,0.074957
2009-08,0.007071,-0.000087,0.009706,-0.000932,0.014206,-0.004411,0.012294,-0.001012,0.011190,-0.000025,0.012435,0.000457,0.005797,-0.001455,0.009450,-0.001294,0.013847,-0.004397,0.012280,-0.002322,0.011419,0.000211,0.010758,0.000375,0.005065,-0.002558,0.010221,-0.001894,0.015449,-0.005715,0.012579,-0.002659,0.011137,-0.000685,0.011899,-0.000945,0.037850
2009-09,0.054854,0.048100,0.047732,0.043440,0.052493,0.048315,0.043918,0.042917,0.043863,0.042522,0.044909,0.041722,0.053589,0.046866,0.046588,0.044137,0.051637,0.046997,0.044926,0.043631,0.042808,0.042813,0.045150,0.041314,0.052234,0.046214,0.046728,0.043771,0.049915,0.046481,0.044276,0.042555,0.043724,0.043491,0.041358,0.042173,0.034255
2009-10,-0.038539,-0.029746,-0.031880,-0.025003,-0.031595,-0.026125,-0.026359,-0.023553,-0.039388,-0.037513,-0.031028,-0.030037,-0.040915,-0.029757,-0.031383,-0.025523,-0.031835,-0.027137,-0.026491,-0.021520,-0.040541,-0.037794,-0.030796,-0.031274,-0.040563,-0.029913,-0.032107,-0.024950,-0.032394,-0.026958,-0.028159,-0.022305,-0.042135,-0.038239,-0.033458,-0.032224,-0.018947
2009-11,0.035906,0.028500,0.033193,0.027607,0.031852,0.027459,0.027546,0.023930,0.032386,0.026822,0.029358,0.024935,0.035544,0.028086,0.033822,0.027570,0.030482,0.025319,0.027348,0.022384,0.031506,0.026824,0.027656,0.023818,0.033316,0.026744,0.032644,0.026101,0.029715,0.024517,0.026686,0.021875,0.029902,0.026395,0.026202,0.022399,0.061027
2009-12,0.054195,0.050820,0.054952,0.047886,0.061690,0.065886,0.057004,0.060499,0.060067,0.065064,0.050882,0.056873,0.054269,0.048044,0.053669,0.047741,0.062227,0.065631,0.056564,0.060559,0.059306,0.063787,0.050805,0.056683,0.052448,0.046208,0.051619,0.045600,0.060789,0.063685,0.054208,0.059983,0.058146,0.061022,0.050676,0.056781,0.019660
2010-01,-0.026365,-0.022086,-0.027002,-0.016574,-0.025888,-0.025660,-0.024323,-0.021670,-0.025348,-0.029399,-0.021673,-0.026850,-0.027301,-0.022852,-0.027565,-0.016591,-0.026225,-0.026808,-0.023503,-0.023067,-0.025303,-0.030543,-0.022727,-0.027283,-0.028376,-0.021713,-0.027983,-0.017184,-0.027394,-0.026674,-0.024679,-0.024114,-0.027174,-0.032422,-0.023397,-0.027175,-0.036522
2010-02,0.047918,0.048052,0.040064,0.037569,0.050586,0.052236,0.044297,0.049124,0.052359,0.054605,0.044625,0.043098,0.048866,0.047043,0.039768,0.037657,0.050126,0.053481,0.043206,0.043035,0.051536,0.054924,0.044167,0.043382,0.047971,0.045536,0.039770,0.035446,0.050081,0.053088,0.041448,0.043209,0.052421,0.053982,0.043963,0.044234,0.031573
2010-03,0.071482,0.081819,0.062407,0.068711,0.075524,0.061706,0.066467,0.054717,0.076223,0.059234,0.065370,0.050431,0.071250,0.079533,0.061310,0.066808,0.074846,0.061554,0.064858,0.055261,0.076418,0.058448,0.064172,0.049495,0.068997,0.078101,0.060148,0.066121,0.074427,0.058670,0.063987,0.053444,0.075562,0.056767,0.064541,0.048690,0.060601
2010-04,0.079037,0.060721,0.075369,0.049072,0.076502,0.050217,0.070222,0.043011,0.064588,0.054061,0.057991,0.040804,0.078313,0.060819,0.074371,0.049667,0.076399,0.050141,0.070834,0.042689,0.063615,0.054093,0.055009,0.040399,0.077936,0.060255,0.075577,0.049311,0.075397,0.049147,0.069362,0.042799,0.063034,0.053857,0.054804,0.041053,0.015984
2010-05,-0.060998,-0.048155,-0.056441,-0.047294,-0.057220,-0.056322,-0.059677,-0.056372,-0.059399,-0.059939,-0.058737,-0.054513,-0.060243,-0.048843,-0.056141,-0.047893,-0.056753,-0.056064,-0.059562,-0.056713,-0.059432,-0.062800,-0.057658,-0.055835,-0.060870,-0.050855,-0.057458,-0.049703,-0.058965,-0.058963,-0.062326,-0.059102,-0.061617,-0.063089,-0.060252,-0.057801,-0.079253
2010-06,-0.109566,-0.091362,-0.093782,-0.073241,-0.099926,-0.082133,-0.085021,-0.064398,-0.098279,-0.082089,-0.081948,-0.063449,-0.110161,-0.092260,-0.094025,-0.073084,-0.098959,-0.082689,-0.083188,-0.064905,-0.099288,-0.084284,-0.082093,-0.063786,-0.110512,-0.093437,-0.095477,-0.075244,-0.100857,-0.085256,-0.085047,-0.066173,-0.099786,-0.084748,-0.084062,-0.065027,-0.052348
2010-07,0.076259,0.065421,0.071769,0.053760,0.081056,0.067751,0.078954,0.059467,0.082352,0.075293,0.071843,0.061072,0.076782,0.064118,0.071460,0.053833,0.079547,0.068400,0.078103,0.059024,0.083175,0.073936,0.072298,0.062374,0.073475,0.064568,0.072158,0.052803,0.080526,0.069486,0.078555,0.057916,0.081843,0.074466,0.071639,0.062390,0.068301
2010-08,-0.086787,-0.109742,-0.071907,-0.093880,-0.091536,-0.098424,-0.084075,-0.084733,-0.097547,-0.096108,-0.087536,-0.086106,-0.086723,-0.111006,-0.072034,-0.094360,-0.091803,-0.098456,-0.082677,-0.084254,-0.100510,-0.096917,-0.090324,-0.085598,-0.088059,-0.112443,-0.073691,-0.092209,-0.090710,-0.100211,-0.086556,-0.085016,-0.097883,-0.098283,-0.090564,-0.086330,-0.043530
2010-09,0.134551,0.128643,0.121558,0.106960,0.130346,0.124280,0.117140,0.102714,0.131298,0.127396,0.114516,0.106011,0.133465,0.129749,0.120678,0.106258,0.128871,0.124328,0.115692,0.102819,0.127826,0.125513,0.113619,0.105562,0.133517,0.130048,0.120268,0.104792,0.128199,0.124627,0.116008,0.099514,0.129522,0.122694,0.113582,0.105209,0.087804
2010-10,0.039542,0.027209,0.035396,0.027877,0.028470,0.032311,0.027535,0.031216,0.033261,0.031036,0.031686,0.029364,0.038046,0.028187,0.034190,0.027513,0.026562,0.031636,0.027619,0.028434,0.033841,0.031627,0.031827,0.028268,0.036863,0.027438,0.032732,0.027592,0.026381,0.031945,0.025668,0.028682,0.034151,0.030649,0.030178,0.027780,0.038643
2010-11,0.084409,0.077937,0.069418,0.058739,0.076195,0.069901,0.065471,0.055596,0.065849,0.059329,0.056648,0.046088,0.084228,0.077096,0.067765,0.057915,0.076672,0.068084,0.064864,0.055158,0.064788,0.058076,0.057035,0.046512,0.082617,0.075764,0.067830,0.056065,0.073535,0.068730,0.064774,0.053327,0.067162,0.057352,0.056932,0.044833,-0.000422
2010-12,0.048098,0.054600,0.045674,0.041724,0.045907,0.055130,0.042210,0.049424,0.049619,0.055728,0.048739,0.051313,0.047367,0.054443,0.043684,0.040690,0.043833,0.054808,0.041867,0.048222,0.050115,0.055869,0.048063,0.050540,0.045261,0.053738,0.042796,0.039268,0.045820,0.054532,0.040711,0.045174,0.050303,0.055578,0.048389,0.050293,0.067197
2011-01,-0.021131,-0.010114,-0.019598,-0.011227,-0.013050,-0.009018,-0.013754,-0.010749,-0.011459,-0.006097,-0.013636,-0.006084,-0.021014,-0.010525,-0.020329,-0.011305,-0.013083,-0.010192,-0.013720,-0.010542,-0.009651,-0.003579,-0.013962,-0.006478,-0.022370,-0.011399,-0.020653,-0.012452,-0.012622,-0.012039,-0.015267,-0.011161,-0.009454,-0.005354,-0.013940,-0.006967,0.022977
2011-02,0.058269,0.051117,0.050745,0.041960,0.052096,0.061310,0.044250,0.051701,0.051387,0.058283,0.041923,0.050034,0.058587,0.050667,0.050015,0.041853,0.051922,0.061430,0.044165,0.049446,0.050279,0.057754,0.043007,0.049835,0.057800,0.049930,0.049482,0.040850,0.050817,0.059858,0.044079,0.048149,0.048549,0.057687,0.041937,0.049378,0.034817
2011-03,0.038751,0.039000,0.034917,0.035652,0.033024,0.032780,0.030817,0.029937,0.038066,0.028976,0.036592,0.028774,0.037920,0.038275,0.034521,0.035254,0.032351,0.031985,0.030984,0.029952,0.038062,0.028882,0.034785,0.028545,0.038619,0.037718,0.033587,0.034044,0.032089,0.031203,0.030229,0.030055,0.037664,0.028869,0.034103,0.027331,-0.000483
2011-04,0.040165,0.031296,0.037156,0.031850,0.042460,0.029749,0.042644,0.029406,0.039029,0.035466,0.037464,0.038412,0.040092,0.032490,0.037122,0.031433,0.041601,0.029465,0.042395,0.029673,0.039427,0.035043,0.037291,0.037679,0.040199,0.032480,0.037029,0.032612,0.041084,0.029270,0.041200,0.028476,0.039357,0.034529,0.037823,0.036199,0.030413
2011-05,0.004665,-0.024705,0.003873,-0.029831,0.000484,-0.020545,-0.003267,-0.023198,-0.003963,-0.016029,-0.004933,-0.015717,0.003176,-0.025771,0.003283,-0.030052,0.000585,-0.021321,-0.003897,-0.024404,-0.004436,-0.016285,-0.005300,-0.016473,0.003043,-0.026865,0.002862,-0.030481,-0.001828,-0.022940,-0.006775,-0.025495,-0.003250,-0.016176,-0.007060,-0.017207,-0.012084
2011-06,-0.021214,-0.021476,-0.014602,-0.018053,-0.011963,-0.015409,-0.009478,-0.009253,-0.006125,-0.010730,-0.002216,-0.007727,-0.021917,-0.021552,-0.014910,-0.018626,-0.012386,-0.015027,-0.008843,-0.009865,-0.006446,-0.011359,-0.002419,-0.008482,-0.022853,-0.024191,-0.015528,-0.019091,-0.013132,-0.015106,-0.009148,-0.010778,-0.007137,-0.010853,-0.004049,-0.009428,-0.016796
2011-07,-0.049001,-0.052577,-0.040584,-0.047013,-0.043572,-0.044286,-0.039888,-0.041742,-0.027711,-0.040360,-0.027412,-0.037911,-0.049159,-0.053139,-0.041000,-0.048541,-0.043867,-0.045101,-0.040646,-0.042044,-0.027815,-0.041102,-0.027645,-0.038229,-0.049733,-0.052216,-0.041080,-0.046580,-0.044565,-0.045568,-0.041163,-0.041999,-0.028357,-0.039448,-0.028180,-0.039573,-0.022127
2011-08,-0.068593,-0.070687,-0.066240,-0.055550,-0.081411,-0.071053,-0.075864,-0.057192,-0.073660,-0.077250,-0.064116,-0.060853,-0.070651,-0.071413,-0.066566,-0.055464,-0.082014,-0.071834,-0.076789,-0.058124,-0.073485,-0.077347,-0.063485,-0.061434,-0.070874,-0.071749,-0.067742,-0.055459,-0.084454,-0.073387,-0.079917,-0.060716,-0.072394,-0.078548,-0.064301,-0.063833,-0.054165
2011-09,-0.094907,-0.111113,-0.082793,-0.099838,-0.088326,-0.113594,-0.079661,-0.101708,-0.089370,-0.112808,-0.075309,-0.099879,-0.095226,-0.110662,-0.082315,-0.101812,-0.087988,-0.113688,-0.079648,-0.101475,-0.089439,-0.114209,-0.076766,-0.098564,-0.094093,-0.112776,-0.084735,-0.102948,-0.086553,-0.115257,-0.079622,-0.102788,-0.089035,-0.115597,-0.077534,-0.101494,-0.068038
2011-10,0.168112,0.155128,0.156258,0.143765,0.155983,0.156571,0.145313,0.142523,0.162445,0.156467,0.152038,0.146411,0.168162,0.155680,0.155291,0.142398,0.152773,0.154946,0.143679,0.142184,0.162190,0.154048,0.154890,0.143719,0.163042,0.156718,0.152297,0.143434,0.152484,0.153157,0.146370,0.139800,0.160540,0.155030,0.149241,0.140836,0.108509
2011-11,-0.053576,-0.028050,-0.044765,-0.019909,-0.032417,-0.025948,-0.030920,-0.021009,-0.021358,-0.019813,-0.017682,-0.016072,-0.053482,-0.027820,-0.045059,-0.021269,-0.032419,-0.026530,-0.030652,-0.021967,-0.021502,-0.020532,-0.018916,-0.015504,-0.054231,-0.029243,-0.044888,-0.022706,-0.032988,-0.027351,-0.031610,-0.023816,-0.023366,-0.021338,-0.019508,-0.015652,-0.002710
2011-12,-0.005269,0.006585,-0.004164,0.008939,-0.000187,0.004827,0.002510,0.005417,0.004616,0.009142,0.005571,0.009631,-0.005351,0.005848,-0.004433,0.008589,-0.000594,0.003940,0.002907,0.005739,0.003772,0.008351,0.005707,0.008656,-0.006882,0.004413,-0.005658,0.007541,-0.002556,0.001930,0.001320,0.003840,0.003129,0.005826,0.005828,0.007904,0.009482
2012-01,0.102559,0.105244,0.088925,0.089766,0.095664,0.097363,0.083512,0.079240,0.085802,0.078660,0.073622,0.062507,0.102938,0.103985,0.087496,0.087099,0.095232,0.094525,0.082544,0.079431,0.085937,0.076962,0.074613,0.062037,0.101264,0.105530,0.085372,0.086661,0.092885,0.092559,0.080587,0.075563,0.085373,0.077173,0.072586,0.060547,0.045498
2012-02,0.063756,0.042731,0.064340,0.041672,0.047131,0.029608,0.045865,0.026865,0.041845,0.032848,0.041289,0.028373,0.063709,0.042459,0.063775,0.041060,0.046882,0.028374,0.046498,0.026418,0.041350,0.030792,0.041984,0.028356,0.062942,0.042583,0.063943,0.039732,0.045344,0.026873,0.045693,0.026260,0.040454,0.033184,0.039810,0.025772,0.043137
2012-03,0.030937,0.027302,0.032100,0.024885,0.025102,0.025259,0.024358,0.024637,0.027526,0.030862,0.025347,0.030255,0.030664,0.027098,0.031884,0.024743,0.025478,0.025026,0.025586,0.024329,0.026764,0.029998,0.025867,0.029977,0.030663,0.027297,0.031480,0.024235,0.025170,0.025694,0.024728,0.024324,0.026863,0.029481,0.024853,0.028681,0.032634
2012-04,-0.016243,-0.012152,-0.009638,-0.007215,-0.014747,-0.014999,-0.014359,-0.010097,-0.001153,-0.011480,-0.000879,-0.007788,-0.016485,-0.012181,-0.009503,-0.007191,-0.014887,-0.016473,-0.014598,-0.010278,-0.001071,-0.010803,-0.001471,-0.007537,-0.016309,-0.013309,-0.010295,-0.008189,-0.016046,-0.016065,-0.013968,-0.010846,-0.000993,-0.011344,-0.001158,-0.008920,-0.006751
2012-05,-0.095404,-0.079673,-0.087828,-0.073938,-0.080662,-0.080686,-0.075729,-0.072856,-0.075146,-0.073131,-0.071983,-0.061837,-0.095259,-0.079098,-0.088215,-0.072829,-0.081498,-0.082106,-0.076278,-0.074150,-0.074834,-0.072601,-0.074209,-0.063646,-0.096621,-0.081225,-0.087299,-0.073723,-0.080884,-0.083687,-0.076871,-0.072841,-0.076639,-0.072548,-0.073682,-0.064583,-0.059240
2012-06,0.020086,0.024239,0.012097,0.025373,0.025744,0.023620,0.023881,0.022943,0.031214,0.032983,0.027370,0.034106,0.019949,0.024288,0.011794,0.024823,0.024360,0.023621,0.022391,0.020693,0.030644,0.033330,0.027454,0.034457,0.017254,0.023162,0.010718,0.023036,0.022564,0.022578,0.021006,0.022632,0.029897,0.030827,0.025379,0.031971,0.041719
2012-07,0.006625,0.009483,0.007178,0.007241,0.011667,0.019024,0.008529,0.015936,0.024300,0.017640,0.017983,0.014874,0.006454,0.009141,0.007110,0.007431,0.011530,0.018325,0.008209,0.016687,0.023457,0.016887,0.018915,0.015018,0.006299,0.009612,0.007021,0.006964,0.011237,0.017516,0.006614,0.015797,0.023112,0.016323,0.019289,0.016797,0.010567
2012-08,0.034258,0.049662,0.036021,0.044061,0.032580,0.035919,0.032608,0.028537,0.031438,0.033816,0.031146,0.026081,0.034096,0.047552,0.035279,0.044135,0.032605,0.036040,0.032835,0.027493,0.030755,0.034728,0.031101,0.025990,0.033325,0.046976,0.033464,0.042097,0.032144,0.034806,0.032458,0.027754,0.031107,0.034104,0.029782,0.025554,0.025634
2012-09,0.019565,0.027754,0.021503,0.024866,0.030966,0.023802,0.027754,0.020197,0.025194,0.022611,0.022055,0.020557,0.020011,0.027442,0.020930,0.023822,0.030911,0.023966,0.026962,0.019201,0.024604,0.022004,0.021790,0.020673,0.019714,0.028064,0.020569,0.024574,0.029341,0.022156,0.026749,0.018200,0.023122,0.022989,0.020817,0.020559,0.024484
2012-10,-0.017502,-0.017119,-0.020305,-0.018392,-0.010653,-0.007205,-0.013831,-0.008752,-0.010442,0.001504,-0.011345,0.000036,-0.018816,-0.016962,-0.021028,-0.019449,-0.011553,-0.007254,-0.013957,-0.009356,-0.010693,0.000236,-0.012121,-0.000513,-0.019366,-0.017575,-0.021191,-0.019046,-0.012456,-0.007850,-0.013833,-0.010362,-0.011145,0.000759,-0.012665,-0.001059,-0.019106
2012-11,0.046064,0.045697,0.040847,0.037921,0.028224,0.034712,0.024952,0.025488,0.032889,0.032360,0.028567,0.021763,0.045260,0.044799,0.040051,0.037347,0.028344,0.033970,0.023922,0.025016,0.032951,0.031885,0.028642,0.021989,0.043629,0.043380,0.039408,0.035225,0.026794,0.033789,0.023025,0.023528,0.031037,0.032815,0.027355,0.021229,0.006232
2012-12,0.015931,0.020686,0.011711,0.018079,0.013348,0.016755,0.010159,0.014129,0.014653,0.020024,0.012521,0.016390,0.016234,0.020086,0.012279,0.018345,0.013534,0.017064,0.009249,0.014122,0.014802,0.019309,0.011862,0.015647,0.015624,0.019914,0.011145,0.018167,0.014026,0.017261,0.011097,0.012864,0.013603,0.018543,0.011729,0.014426,0.010353
2013-01,0.049939,0.056917,0.052339,0.052725,0.049153,0.049710,0.045256,0.047012,0.049341,0.052987,0.046876,0.049491,0.048869,0.056248,0.052948,0.051881,0.048932,0.049043,0.044628,0.046475,0.049111,0.052054,0.046568,0.048740,0.048427,0.055348,0.051234,0.051361,0.047095,0.048198,0.044165,0.045030,0.047577,0.049849,0.045507,0.047923,0.050379
2013-02,0.010759,0.013061,0.007307,0.009607,0.005107,0.012768,0.002678,0.012323,0.006947,0.012180,0.005051,0.012007,0.010995,0.013362,0.006270,0.009109,0.004480,0.012471,0.003527,0.012605,0.006113,0.012568,0.004635,0.011672,0.010851,0.012348,0.006789,0.008854,0.003575,0.012082,0.002152,0.012256,0.005610,0.011697,0.004387,0.011932,0.012225
2013-03,0.019823,0.030943,0.020352,0.032612,0.028046,0.033645,0.029122,0.034254,0.027797,0.036424,0.032066,0.036681,0.018848,0.030718,0.020238,0.032605,0.026876,0.033292,0.028279,0.034846,0.027492,0.036604,0.031650,0.035733,0.017905,0.030223,0.019782,0.032292,0.026874,0.033425,0.028662,0.034798,0.027672,0.035198,0.030481,0.034852,0.037764
2013-04,0.019088,0.016418,0.017982,0.017801,0.013237,0.015631,0.012978,0.016287,0.017000,0.008400,0.015591,0.008816,0.018327,0.016250,0.017517,0.016771,0.012857,0.015518,0.011944,0.015792,0.016530,0.007811,0.016147,0.007852,0.016616,0.015651,0.016424,0.017365,0.012674,0.014569,0.012635,0.016074,0.015960,0.008304,0.016290,0.008178,0.019993
2013-05,0.062647,0.068917,0.052981,0.058543,0.073071,0.060622,0.066038,0.051667,0.064110,0.055596,0.056767,0.047443,0.062157,0.067785,0.052342,0.058794,0.072732,0.060174,0.065912,0.051068,0.063434,0.054475,0.053250,0.047453,0.060303,0.066749,0.050983,0.058537,0.070522,0.057829,0.063809,0.050429,0.059585,0.054140,0.051450,0.044449,0.022295
2013-06,-0.018180,-0.008260,-0.010513,-0.009622,-0.008820,-0.013512,-0.005650,-0.011021,-0.006795,-0.008309,-0.004070,-0.007903,-0.019294,-0.010042,-0.011632,-0.010192,-0.008544,-0.013655,-0.006405,-0.011877,-0.007668,-0.008329,-0.005353,-0.008385,-0.019829,-0.010625,-0.012493,-0.010843,-0.009187,-0.014318,-0.008142,-0.012366,-0.006945,-0.008678,-0.005194,-0.008815,-0.014589
2013-07,0.063090,0.061024,0.060599,0.065553,0.074070,0.064991,0.072529,0.065183,0.070155,0.068619,0.069416,0.068426,0.063234,0.060431,0.060237,0.064743,0.073960,0.064923,0.071330,0.064711,0.069493,0.069519,0.068694,0.068044,0.062705,0.060371,0.058976,0.064267,0.073043,0.063964,0.070526,0.065575,0.069142,0.068404,0.067930,0.068663,0.054059
2013-08,-0.070848,-0.057974,-0.062752,-0.055509,-0.053112,-0.056627,-0.049122,-0.052946,-0.042622,-0.052996,-0.039955,-0.049332,-0.071214,-0.058045,-0.063414,-0.055932,-0.053027,-0.057133,-0.049872,-0.053468,-0.042680,-0.052826,-0.039719,-0.048881,-0.072568,-0.058731,-0.064286,-0.057453,-0.054523,-0.056535,-0.048178,-0.053208,-0.041916,-0.054341,-0.041227,-0.050169,-0.029704
2013-09,0.040713,0.048573,0.045881,0.049073,0.047049,0.042428,0.048743,0.043115,0.057059,0.048089,0.053694,0.046854,0.040582,0.048664,0.046998,0.049478,0.046776,0.042196,0.048817,0.042978,0.056364,0.048399,0.053081,0.046256,0.040486,0.048274,0.046687,0.049353,0.047701,0.041871,0.047500,0.041183,0.055621,0.047094,0.052474,0.045465,0.032210
2013-10,0.048041,0.035794,0.047181,0.033575,0.051725,0.039292,0.049498,0.032559,0.049978,0.043164,0.048654,0.039118,0.047407,0.035442,0.046630,0.034085,0.051850,0.038778,0.049528,0.032207,0.049474,0.042795,0.047060,0.039733,0.047456,0.035254,0.045547,0.032973,0.050808,0.038566,0.048400,0.031583,0.048289,0.042772,0.046570,0.037859,0.045390
2013-11,0.065075,0.046464,0.063479,0.045070,0.046806,0.052182,0.041672,0.042658,0.042845,0.038330,0.037314,0.029775,0.064916,0.046705,0.063143,0.044462,0.046488,0.051452,0.041966,0.042467,0.041992,0.038031,0.036416,0.029820,0.064011,0.045979,0.062273,0.043859,0.045663,0.050199,0.040809,0.040050,0.041471,0.036333,0.035389,0.028620,0.029591
2013-12,0.022620,0.023377,0.021286,0.021252,0.020755,0.017739,0.021186,0.020196,0.020525,0.022215,0.020144,0.021250,0.021839,0.022680,0.021215,0.020854,0.020004,0.017347,0.020579,0.019978,0.020448,0.021738,0.019292,0.020939,0.019236,0.021387,0.019483,0.021107,0.018303,0.016338,0.018589,0.018892,0.019215,0.020931,0.018340,0.020670,0.026268
2014-01,-0.066963,-0.067240,-0.067519,-0.062369,-0.063726,-0.045083,-0.062377,-0.044414,-0.059081,-0.044932,-0.056002,-0.042477,-0.066878,-0.067260,-0.067758,-0.062673,-0.063926,-0.044880,-0.063045,-0.045082,-0.059744,-0.045227,-0.055996,-0.041772,-0.066604,-0.066769,-0.068586,-0.063285,-0.064642,-0.046138,-0.064353,-0.044448,-0.059735,-0.046709,-0.056531,-0.043019,-0.035143
2014-02,0.038452,0.043594,0.042500,0.044419,0.038891,0.043848,0.045875,0.050717,0.033858,0.042556,0.040849,0.048133,0.038578,0.043127,0.043071,0.044000,0.039167,0.043641,0.045191,0.049402,0.033850,0.041745,0.040014,0.046759,0.038228,0.041681,0.042785,0.041764,0.036730,0.041431,0.045401,0.048904,0.032680,0.041275,0.039253,0.046786,0.045572
2014-03,0.031375,0.030545,0.025293,0.030246,0.016174,0.026433,0.011997,0.025564,0.015102,0.020599,0.015581,0.020068,0.031183,0.029514,0.024325,0.028987,0.015367,0.025827,0.011361,0.025233,0.014540,0.019951,0.014729,0.019539,0.030091,0.028185,0.022583,0.028026,0.014549,0.024403,0.010211,0.024241,0.013658,0.019093,0.013399,0.018712,0.008430
2014-04,-0.013812,0.001196,-0.011732,0.005363,-0.007915,0.002610,-0.008908,0.008789,-0.007418,0.007120,-0.007522,0.010338,-0.014346,0.000566,-0.011912,0.005004,-0.008556,0.002617,-0.008088,0.008093,-0.008290,0.005508,-0.007936,0.009439,-0.015352,-0.000144,-0.013192,0.003489,-0.009348,0.000489,-0.009343,0.006399,-0.009723,0.004310,-0.009302,0.008738,0.007431
2014-05,-0.007874,-0.002806,-0.004055,0.004898,0.007241,0.009299,0.006370,0.011225,0.002889,0.002375,0.004757,0.006806,-0.007687,-0.003538,-0.004408,0.005042,0.007451,0.009295,0.007073,0.010744,0.002933,0.003151,0.004692,0.006903,-0.008650,-0.003474,-0.004714,0.004641,0.007310,0.008746,0.005799,0.010535,0.003102,0.002965,0.004592,0.006263,0.022290
2014-06,0.043617,0.056791,0.037930,0.053870,0.038140,0.046468,0.030592,0.044715,0.038535,0.047095,0.030197,0.042811,0.042955,0.056897,0.037788,0.053899,0.037714,0.045677,0.030699,0.044025,0.038099,0.046836,0.030311,0.042111,0.041490,0.056782,0.036851,0.053108,0.037754,0.045695,0.029451,0.043942,0.037414,0.046138,0.029049,0.042438,0.020925
2014-07,-0.062294,-0.050681,-0.048808,-0.044496,-0.054891,-0.053101,-0.046884,-0.047231,-0.046934,-0.052018,-0.039605,-0.048260,-0.061963,-0.051609,-0.049306,-0.044349,-0.054949,-0.052977,-0.047186,-0.047405,-0.047145,-0.052828,-0.039016,-0.047937,-0.062351,-0.051234,-0.049704,-0.043774,-0.055060,-0.052709,-0.048061,-0.046842,-0.047292,-0.052157,-0.038221,-0.048299,-0.013437
2014-08,0.053038,0.046285,0.049474,0.043282,0.045090,0.046262,0.040869,0.044483,0.054757,0.056605,0.048667,0.048833,0.052585,0.045170,0.049572,0.043039,0.044556,0.046424,0.040506,0.044019,0.053646,0.057101,0.047899,0.048129,0.051063,0.045735,0.049462,0.042668,0.044102,0.045695,0.040812,0.044056,0.054068,0.055031,0.046046,0.047318,0.039463
2014-09,-0.038836,-0.040923,-0.033786,-0.043434,-0.038350,-0.039638,-0.040615,-0.043048,-0.039800,-0.045035,-0.043034,-0.047480,-0.039705,-0.041014,-0.033783,-0.043561,-0.038378,-0.039713,-0.041326,-0.042480,-0.040098,-0.044759,-0.043040,-0.047883,-0.040015,-0.043034,-0.034704,-0.044732,-0.039766,-0.041243,-0.042549,-0.043742,-0.040727,-0.045561,-0.044225,-0.048559,-0.013791
2014-10,0.045285,0.028186,0.050037,0.030418,0.046167,0.030169,0.049185,0.033817,0.040489,0.033735,0.044107,0.037444,0.044621,0.029104,0.049776,0.029889,0.045529,0.029625,0.049541,0.034163,0.040321,0.034383,0.043087,0.036115,0.043214,0.027087,0.048837,0.029475,0.045334,0.029988,0.049413,0.032034,0.039945,0.032573,0.042204,0.036573,0.023551
2014-11,0.000287,-0.026661,0.011769,-0.022375,0.010959,-0.015199,0.018369,-0.011521,0.013166,-0.005638,0.020290,-0.001186,-0.000264,-0.027005,0.011191,-0.022468,0.010391,-0.015430,0.017598,-0.011654,0.013137,-0.004992,0.019849,-0.001377,-0.001353,-0.027223,0.010882,-0.022266,0.010410,-0.016601,0.017553,-0.011984,0.013039,-0.005556,0.019118,-0.001112,0.027472
2014-12,-0.000447,0.009690,-0.000598,0.016811,0.004565,0.007915,0.005478,0.012467,0.006843,0.012508,0.009012,0.015725,-0.000508,0.009676,-0.000407,0.016405,0.004199,0.006737,0.005866,0.012294,0.006837,0.012948,0.008668,0.015090,-0.000523,0.009803,-0.001393,0.016136,0.004485,0.007080,0.005219,0.011525,0.006696,0.011472,0.007273,0.015460,-0.002708
2015-01,-0.024640,-0.027600,-0.020949,-0.024556,-0.021309,-0.021749,-0.021679,-0.017724,-0.019652,-0.015528,-0.018831,-0.014847,-0.024641,-0.028363,-0.019913,-0.025435,-0.021631,-0.022488,-0.021266,-0.018680,-0.019557,-0.015996,-0.019320,-0.015347,-0.025791,-0.029302,-0.020073,-0.026640,-0.023027,-0.021920,-0.020417,-0.019505,-0.020095,-0.015739,-0.019558,-0.015435,-0.029343
2015-02,0.043815,0.046929,0.045233,0.044072,0.057207,0.047814,0.059264,0.044165,0.052058,0.043161,0.052637,0.039011,0.043378,0.046292,0.044744,0.043806,0.056573,0.047659,0.058921,0.044090,0.051684,0.042533,0.052054,0.038617,0.043244,0.045646,0.043598,0.043356,0.054984,0.046443,0.056042,0.042027,0.050296,0.040448,0.050560,0.036928,0.056099
2015-03,0.008166,0.007881,0.008129,0.003789,0.003052,0.013853,0.001743,0.013267,0.000243,0.013918,-0.000901,0.012078,0.008154,0.007168,0.007982,0.004089,0.002119,0.014484,0.001275,0.011856,-0.000384,0.013788,-0.001609,0.011406,0.007816,0.005825,0.006330,0.002897,0.002054,0.013613,-0.000083,0.010261,-0.000507,0.012707,-0.002874,0.009907,-0.015663
2015-04,-0.018641,-0.002121,-0.026112,-0.005125,-0.026810,-0.010231,-0.031007,-0.014205,-0.027933,-0.014002,-0.028789,-0.017425,-0.018755,-0.002531,-0.026947,-0.004622,-0.026992,-0.010670,-0.030521,-0.014564,-0.028244,-0.014174,-0.028981,-0.017613,-0.019906,-0.002902,-0.027069,-0.006041,-0.028276,-0.012744,-0.030628,-0.015241,-0.028996,-0.015168,-0.029435,-0.017508,0.010125
2015-05,0.030400,0.008429,0.019852,0.006632,0.023860,0.016655,0.020483,0.017989,0.025822,0.016284,0.023405,0.015694,0.029900,0.008739,0.019560,0.006080,0.023273,0.015693,0.020074,0.017034,0.025280,0.016071,0.022898,0.015949,0.027963,0.007146,0.018197,0.005088,0.021152,0.014861,0.017641,0.015544,0.023868,0.015295,0.021002,0.013553,0.012517
2015-06,-0.015695,-0.021704,-0.009905,-0.024846,-0.007543,-0.002958,-0.007684,-0.006089,-0.001645,-0.004239,-0.001757,-0.007464,-0.015586,-0.023091,-0.009672,-0.025899,-0.007660,-0.002489,-0.007787,-0.006267,-0.003479,-0.004574,-0.001564,-0.006782,-0.015857,-0.022367,-0.010770,-0.025356,-0.007802,-0.001786,-0.009065,-0.006374,-0.002060,-0.005149,-0.002005,-0.006565,-0.020220
2015-07,-0.006691,0.014095,0.001839,0.011625,0.000620,0.004168,0.005685,0.005012,0.008084,0.005371,0.008018,0.007835,-0.006957,0.014923,0.000900,0.011019,0.001235,0.004469,0.005930,0.005490,0.008162,0.004703,0.008228,0.007924,-0.008003,0.015018,0.000334,0.011606,0.000645,0.004171,0.003704,0.005196,0.007241,0.002776,0.007791,0.007082,0.022589
2015-08,-0.030190,-0.043815,-0.030705,-0.040164,-0.036592,-0.046493,-0.037295,-0.040853,-0.039689,-0.042887,-0.039784,-0.037340,-0.030877,-0.044736,-0.030895,-0.040558,-0.037438,-0.046759,-0.037899,-0.041081,-0.040004,-0.042330,-0.039938,-0.038555,-0.031899,-0.046546,-0.031870,-0.041282,-0.038204,-0.047981,-0.038453,-0.042570,-0.040921,-0.043469,-0.040817,-0.037999,-0.060950
2015-09,-0.042802,-0.050385,-0.042318,-0.039943,-0.045886,-0.038669,-0.042312,-0.031486,-0.043589,-0.037444,-0.039086,-0.032448,-0.043526,-0.049699,-0.043068,-0.041303,-0.045416,-0.039401,-0.042924,-0.032050,-0.043535,-0.038527,-0.039872,-0.031781,-0.043237,-0.049972,-0.043700,-0.041969,-0.045659,-0.040920,-0.042252,-0.034094,-0.044135,-0.039025,-0.039362,-0.032784,-0.025481
2015-10,0.047640,0.062244,0.051344,0.065596,0.041014,0.054011,0.043924,0.060628,0.049873,0.052884,0.052720,0.057897,0.046588,0.061790,0.050688,0.065502,0.040220,0.052455,0.043694,0.061378,0.049670,0.052483,0.052066,0.058173,0.046634,0.061971,0.049838,0.063862,0.039968,0.051451,0.042917,0.060197,0.048571,0.050624,0.051927,0.055639,0.085060
2015-11,-0.006169,0.018540,-0.005201,0.015753,-0.004458,0.023576,-0.007331,0.020189,-0.002578,0.015080,-0.006320,0.010666,-0.006371,0.017382,-0.005972,0.014970,-0.005806,0.022866,-0.007448,0.019463,-0.003099,0.014410,-0.007169,0.010391,-0.007073,0.016044,-0.006040,0.013732,-0.006110,0.021386,-0.008449,0.017802,-0.004476,0.013015,-0.007186,0.007027,0.003655
2015-12,-0.047396,-0.051723,-0.048358,-0.046700,-0.044169,-0.045811,-0.043177,-0.044524,-0.039924,-0.043755,-0.039342,-0.040227,-0.048739,-0.051155,-0.049023,-0.046581,-0.044582,-0.045675,-0.043251,-0.044375,-0.040392,-0.044490,-0.039161,-0.040334,-0.049952,-0.052395,-0.049571,-0.046687,-0.046196,-0.046315,-0.043914,-0.044980,-0.040235,-0.043578,-0.040427,-0.041028,-0.017147
